{"version":9,"type":"context-options","origin":"library","browserName":"","playwrightVersion":"1.63.0","options":{},"platform":"darwin","wallTime":1791463000930,"monotonicTime":2538.923,"sdkLanguage":"javascript","title":"audit.spec.ts:55 › activity › the owner sees the business-wide client edit with its changes, and the reschedule"}
{"type":"before","callId":"call@18","startTime":2544.724,"class":"APIRequestContext","method":"fetch","params":{"url":"http://127.0.0.1:54321/auth/v1/admin/users","method":"POST","headers":[{"name":"apikey","value":"eyJhbGciOiJIUzI1NiIsInR5cCI6IkpXVCJ9.eyJpc3MiOiJzdXBhYmFzZS1kZW1vIiwicm9sZSI6InNlcnZpY2Vfcm9sZSIsImV4cCI6MTk4MzgxMjk5Nn0.EGIM96RAZx35lJzdJsyH-qQwv8Hdp7fsn3W0YpN81IU"},{"name":"authorization","value":"Bearer eyJhbGciOiJIUzI1NiIsInR5cCI6IkpXVCJ9.eyJpc3MiOiJzdXBhYmFzZS1kZW1vIiwicm9sZSI6InNlcnZpY2Vfcm9sZSIsImV4cCI6MTk4MzgxMjk5Nn0.EGIM96RAZx35lJzdJsyH-qQwv8Hdp7fsn3W0YpN81IU"},{"name":"prefer","value":"return=representation"}],"jsonData":"{\"email\":\"owner-audit-owner-muzite90jo42@checkout.test\",\"password\":\"password123\",\"email_confirm\":true}"},"stepId":"pw:api@43"}
{"type":"log","callId":"call@18","time":2547.301,"message":"→ POST http://127.0.0.1:54321/auth/v1/admin/users"}
{"type":"log","callId":"call@18","time":2547.321,"message":"  user-agent: Mozilla/5.0 (Windows NT 10.0; Win64; x64) AppleWebKit/537.36 (KHTML, like Gecko) Chrome/153.0.8010.12 Safari/537.36"}
{"type":"log","callId":"call@18","time":2547.325,"message":"  accept: */*"}
{"type":"log","callId":"call@18","time":2547.328,"message":"  accept-encoding: gzip,deflate,br"}
{"type":"log","callId":"call@18","time":2547.331,"message":"  apikey: eyJhbGciOiJIUzI1NiIsInR5cCI6IkpXVCJ9.eyJpc3MiOiJzdXBhYmFzZS1kZW1vIiwicm9sZSI6InNlcnZpY2Vfcm9sZSIsImV4cCI6MTk4MzgxMjk5Nn0.EGIM96RAZx35lJzdJsyH-qQwv8Hdp7fsn3W0YpN81IU"}
{"type":"log","callId":"call@18","time":2547.334,"message":"  authorization: Bearer eyJhbGciOiJIUzI1NiIsInR5cCI6IkpXVCJ9.eyJpc3MiOiJzdXBhYmFzZS1kZW1vIiwicm9sZSI6InNlcnZpY2Vfcm9sZSIsImV4cCI6MTk4MzgxMjk5Nn0.EGIM96RAZx35lJzdJsyH-qQwv8Hdp7fsn3W0YpN81IU"}
{"type":"log","callId":"call@18","time":2547.337,"message":"  prefer: return=representation"}
{"type":"log","callId":"call@18","time":2547.339,"message":"  content-type: application/json"}
{"type":"log","callId":"call@18","time":2547.342,"message":"  content-length: 102"}
{"type":"log","callId":"call@18","time":2652.42,"message":"← 200 OK"}
{"type":"log","callId":"call@18","time":2652.435,"message":"  content-type: application/json"}
{"type":"log","callId":"call@18","time":2652.439,"message":"  content-length: 952"}
{"type":"log","callId":"call@18","time":2652.441,"message":"  connection: keep-alive"}
{"type":"log","callId":"call@18","time":2652.443,"message":"  vary: Origin"}
{"type":"log","callId":"call@18","time":2652.446,"message":"  date: Thu, 08 Oct 2026 12:36:41 GMT"}
{"type":"log","callId":"call@18","time":2652.448,"message":"  access-control-allow-origin: *"}
{"type":"log","callId":"call@18","time":2652.45,"message":"  x-kong-upstream-latency: 101"}
{"type":"log","callId":"call@18","time":2652.452,"message":"  x-kong-proxy-latency: 0"}
{"type":"log","callId":"call@18","time":2652.454,"message":"  via: kong/2.8.1"}
{"type":"after","callId":"call@18","endTime":2652.833,"result":{"response":{"url":"http://127.0.0.1:54321/auth/v1/admin/users","status":200,"statusText":"OK","headers":[{"name":"Content-Type","value":"application/json"},{"name":"Content-Length","value":"952"},{"name":"Connection","value":"keep-alive"},{"name":"Vary","value":"Origin"},{"name":"Date","value":"Thu, 08 Oct 2026 12:36:41 GMT"},{"name":"Access-Control-Allow-Origin","value":"*"},{"name":"X-Kong-Upstream-Latency","value":"101"},{"name":"X-Kong-Proxy-Latency","value":"0"},{"name":"Via","value":"kong/2.8.1"}],"serverAddr":{"ipAddress":"127.0.0.1","port":54321},"timing":{"startTime":1791463000937,"domainLookupStart":-1,"domainLookupEnd":-1,"connectStart":0,"secureConnectionStart":-1,"connectEnd":2.356000000000222,"requestStart":2.356000000000222,"responseStart":105.44500000000016},"responseEndTiming":106.05099999999993,"fetchUid":"ee03f758bde016e9abf5f1154400d27e"}}}
{"type":"before","callId":"call@22","startTime":2656.854,"class":"APIRequestContext","method":"fetch","params":{"url":"http://127.0.0.1:54321/rest/v1/rpc/provision_tenant","method":"POST","headers":[{"name":"apikey","value":"eyJhbGciOiJIUzI1NiIsInR5cCI6IkpXVCJ9.eyJpc3MiOiJzdXBhYmFzZS1kZW1vIiwicm9sZSI6InNlcnZpY2Vfcm9sZSIsImV4cCI6MTk4MzgxMjk5Nn0.EGIM96RAZx35lJzdJsyH-qQwv8Hdp7fsn3W0YpN81IU"},{"name":"authorization","value":"Bearer eyJhbGciOiJIUzI1NiIsInR5cCI6IkpXVCJ9.eyJpc3MiOiJzdXBhYmFzZS1kZW1vIiwicm9sZSI6InNlcnZpY2Vfcm9sZSIsImV4cCI6MTk4MzgxMjk5Nn0.EGIM96RAZx35lJzdJsyH-qQwv8Hdp7fsn3W0YpN81IU"},{"name":"prefer","value":"return=representation"}],"jsonData":"{\"p_tenant\":{\"name_en\":\"Checkout audit-owner-muzite90jo42\",\"name_ar\":\"محل audit-owner-muzite90jo42\",\"slug\":\"checkout-audit-owner-muzite90jo42\"},\"p_branch\":{\"name_en\":\"Main audit-owner-muzite90jo42\",\"name_ar\":\"الرئيسي audit-owner-muzite90jo42\",\"invoice_prefix\":\"INV\",\"hours\":[{\"day_of_week\":0,\"opens_at\":\"09:00\",\"closes_at\":\"21:00\"},{\"day_of_week\":1,\"opens_at\":\"09:00\",\"closes_at\":\"21:00\"},{\"day_of_week\":2,\"opens_at\":\"09:00\",\"closes_at\":\"21:00\"},{\"day_of_week\":3,\"opens_at\":\"09:00\",\"closes_at\":\"21:00\"},{\"day_of_week\":4,\"opens_at\":\"09:00\",\"closes_at\":\"21:00\"},{\"day_of_week\":5,\"opens_at\":\"09:00\",\"closes_at\":\"21:00\"},{\"day_of_week\":6,\"opens_at\":\"09:00\",\"closes_at\":\"21:00\"}]},\"p_owner_id\":\"6f759b7b-7c4b-4875-9113-41573125c721\",\"p_requested_by\":\"e2e checkout fixtures\"}"},"stepId":"pw:api@45"}
{"type":"log","callId":"call@22","time":2657.765,"message":"→ POST http://127.0.0.1:54321/rest/v1/rpc/provision_tenant"}
{"type":"log","callId":"call@22","time":2657.778,"message":"  user-agent: Mozilla/5.0 (Windows NT 10.0; Win64; x64) AppleWebKit/537.36 (KHTML, like Gecko) Chrome/153.0.8010.12 Safari/537.36"}
{"type":"log","callId":"call@22","time":2657.78,"message":"  accept: */*"}
{"type":"log","callId":"call@22","time":2657.782,"message":"  accept-encoding: gzip,deflate,br"}
{"type":"log","callId":"call@22","time":2657.784,"message":"  apikey: eyJhbGciOiJIUzI1NiIsInR5cCI6IkpXVCJ9.eyJpc3MiOiJzdXBhYmFzZS1kZW1vIiwicm9sZSI6InNlcnZpY2Vfcm9sZSIsImV4cCI6MTk4MzgxMjk5Nn0.EGIM96RAZx35lJzdJsyH-qQwv8Hdp7fsn3W0YpN81IU"}
{"type":"log","callId":"call@22","time":2657.786,"message":"  authorization: Bearer eyJhbGciOiJIUzI1NiIsInR5cCI6IkpXVCJ9.eyJpc3MiOiJzdXBhYmFzZS1kZW1vIiwicm9sZSI6InNlcnZpY2Vfcm9sZSIsImV4cCI6MTk4MzgxMjk5Nn0.EGIM96RAZx35lJzdJsyH-qQwv8Hdp7fsn3W0YpN81IU"}
{"type":"log","callId":"call@22","time":2657.788,"message":"  prefer: return=representation"}
{"type":"log","callId":"call@22","time":2657.789,"message":"  content-type: application/json"}
{"type":"log","callId":"call@22","time":2657.791,"message":"  content-length: 779"}
{"type":"log","callId":"call@22","time":2710.375,"message":"← 200 OK"}
{"type":"log","callId":"call@22","time":2710.382,"message":"  content-type: application/json; charset=utf-8"}
{"type":"log","callId":"call@22","time":2710.385,"message":"  content-length: 163"}
{"type":"log","callId":"call@22","time":2710.387,"message":"  connection: keep-alive"}
{"type":"log","callId":"call@22","time":2710.389,"message":"  date: Thu, 08 Oct 2026 12:36:40 GMT"}
{"type":"log","callId":"call@22","time":2710.391,"message":"  server: postgrest/14.18"}
{"type":"log","callId":"call@22","time":2710.392,"message":"  content-range: 0-0/*"}
{"type":"log","callId":"call@22","time":2710.395,"message":"  content-profile: public"}
{"type":"log","callId":"call@22","time":2710.397,"message":"  access-control-allow-origin: *"}
{"type":"log","callId":"call@22","time":2710.399,"message":"  x-kong-upstream-latency: 50"}
{"type":"log","callId":"call@22","time":2710.401,"message":"  x-kong-proxy-latency: 0"}
{"type":"log","callId":"call@22","time":2710.419,"message":"  via: kong/2.8.1"}
{"type":"after","callId":"call@22","endTime":2710.483,"result":{"response":{"url":"http://127.0.0.1:54321/rest/v1/rpc/provision_tenant","status":200,"statusText":"OK","headers":[{"name":"Content-Type","value":"application/json; charset=utf-8"},{"name":"Content-Length","value":"163"},{"name":"Connection","value":"keep-alive"},{"name":"Date","value":"Thu, 08 Oct 2026 12:36:40 GMT"},{"name":"Server","value":"postgrest/14.18"},{"name":"Content-Range","value":"0-0/*"},{"name":"Content-Profile","value":"public"},{"name":"Access-Control-Allow-Origin","value":"*"},{"name":"X-Kong-Upstream-Latency","value":"50"},{"name":"X-Kong-Proxy-Latency","value":"0"},{"name":"Via","value":"kong/2.8.1"}],"serverAddr":{"ipAddress":"127.0.0.1","port":54321},"timing":{"startTime":1791463001048,"domainLookupStart":-1,"domainLookupEnd":-1,"connectStart":-1,"secureConnectionStart":-1,"connectEnd":-1,"requestStart":0.612999999999829,"responseStart":52.08699999999999},"responseEndTiming":52.70199999999977,"fetchUid":"dd8a6cacd1be3f9e4c2a440f779f3ad2"}}}
{"type":"before","callId":"call@26","startTime":2713.158,"class":"APIRequestContext","method":"fetch","params":{"url":"http://127.0.0.1:54321/rest/v1/rpc/provision_branch","method":"POST","headers":[{"name":"apikey","value":"eyJhbGciOiJIUzI1NiIsInR5cCI6IkpXVCJ9.eyJpc3MiOiJzdXBhYmFzZS1kZW1vIiwicm9sZSI6InNlcnZpY2Vfcm9sZSIsImV4cCI6MTk4MzgxMjk5Nn0.EGIM96RAZx35lJzdJsyH-qQwv8Hdp7fsn3W0YpN81IU"},{"name":"authorization","value":"Bearer eyJhbGciOiJIUzI1NiIsInR5cCI6IkpXVCJ9.eyJpc3MiOiJzdXBhYmFzZS1kZW1vIiwicm9sZSI6InNlcnZpY2Vfcm9sZSIsImV4cCI6MTk4MzgxMjk5Nn0.EGIM96RAZx35lJzdJsyH-qQwv8Hdp7fsn3W0YpN81IU"},{"name":"prefer","value":"return=representation"}],"jsonData":"{\"p_tenant_id\":\"2cd70fa8-9e06-4bfc-994f-b322f8996fb2\",\"p_branch\":{\"name_en\":\"Second audit-owner-muzite90jo42\",\"name_ar\":\"الثاني audit-owner-muzite90jo42\",\"invoice_prefix\":\"SEC\"},\"p_hours\":[{\"day_of_week\":0,\"opens_at\":\"00:00\",\"closes_at\":\"23:59\"},{\"day_of_week\":1,\"opens_at\":\"00:00\",\"closes_at\":\"23:59\"},{\"day_of_week\":2,\"opens_at\":\"00:00\",\"closes_at\":\"23:59\"},{\"day_of_week\":3,\"opens_at\":\"00:00\",\"closes_at\":\"23:59\"},{\"day_of_week\":4,\"opens_at\":\"00:00\",\"closes_at\":\"23:59\"},{\"day_of_week\":5,\"opens_at\":\"00:00\",\"closes_at\":\"23:59\"},{\"day_of_week\":6,\"opens_at\":\"00:00\",\"closes_at\":\"23:59\"}],\"p_requested_by\":\"e2e report fixtures\"}"},"stepId":"pw:api@47"}
{"type":"log","callId":"call@26","time":2713.858,"message":"→ POST http://127.0.0.1:54321/rest/v1/rpc/provision_branch"}
{"type":"log","callId":"call@26","time":2713.869,"message":"  user-agent: Mozilla/5.0 (Windows NT 10.0; Win64; x64) AppleWebKit/537.36 (KHTML, like Gecko) Chrome/153.0.8010.12 Safari/537.36"}
{"type":"log","callId":"call@26","time":2713.871,"message":"  accept: */*"}
{"type":"log","callId":"call@26","time":2713.873,"message":"  accept-encoding: gzip,deflate,br"}
{"type":"log","callId":"call@26","time":2713.874,"message":"  apikey: eyJhbGciOiJIUzI1NiIsInR5cCI6IkpXVCJ9.eyJpc3MiOiJzdXBhYmFzZS1kZW1vIiwicm9sZSI6InNlcnZpY2Vfcm9sZSIsImV4cCI6MTk4MzgxMjk5Nn0.EGIM96RAZx35lJzdJsyH-qQwv8Hdp7fsn3W0YpN81IU"}
{"type":"log","callId":"call@26","time":2713.876,"message":"  authorization: Bearer eyJhbGciOiJIUzI1NiIsInR5cCI6IkpXVCJ9.eyJpc3MiOiJzdXBhYmFzZS1kZW1vIiwicm9sZSI6InNlcnZpY2Vfcm9sZSIsImV4cCI6MTk4MzgxMjk5Nn0.EGIM96RAZx35lJzdJsyH-qQwv8Hdp7fsn3W0YpN81IU"}
{"type":"log","callId":"call@26","time":2713.878,"message":"  prefer: return=representation"}
{"type":"log","callId":"call@26","time":2713.879,"message":"  content-type: application/json"}
{"type":"log","callId":"call@26","time":2713.881,"message":"  content-length: 634"}
{"type":"log","callId":"call@26","time":2770.82,"message":"← 200 OK"}
{"type":"log","callId":"call@26","time":2770.829,"message":"  content-type: application/json; charset=utf-8"}
{"type":"log","callId":"call@26","time":2770.831,"message":"  content-length: 106"}
{"type":"log","callId":"call@26","time":2770.833,"message":"  connection: keep-alive"}
{"type":"log","callId":"call@26","time":2770.835,"message":"  date: Thu, 08 Oct 2026 12:36:40 GMT"}
{"type":"log","callId":"call@26","time":2770.837,"message":"  server: postgrest/14.18"}
{"type":"log","callId":"call@26","time":2770.838,"message":"  content-range: 0-0/*"}
{"type":"log","callId":"call@26","time":2770.84,"message":"  content-profile: public"}
{"type":"log","callId":"call@26","time":2770.841,"message":"  access-control-allow-origin: *"}
{"type":"log","callId":"call@26","time":2770.843,"message":"  x-kong-upstream-latency: 53"}
{"type":"log","callId":"call@26","time":2770.845,"message":"  x-kong-proxy-latency: 1"}
{"type":"log","callId":"call@26","time":2770.847,"message":"  via: kong/2.8.1"}
{"type":"after","callId":"call@26","endTime":2770.977,"result":{"response":{"url":"http://127.0.0.1:54321/rest/v1/rpc/provision_branch","status":200,"statusText":"OK","headers":[{"name":"Content-Type","value":"application/json; charset=utf-8"},{"name":"Content-Length","value":"106"},{"name":"Connection","value":"keep-alive"},{"name":"Date","value":"Thu, 08 Oct 2026 12:36:40 GMT"},{"name":"Server","value":"postgrest/14.18"},{"name":"Content-Range","value":"0-0/*"},{"name":"Content-Profile","value":"public"},{"name":"Access-Control-Allow-Origin","value":"*"},{"name":"X-Kong-Upstream-Latency","value":"53"},{"name":"X-Kong-Proxy-Latency","value":"1"},{"name":"Via","value":"kong/2.8.1"}],"serverAddr":{"ipAddress":"127.0.0.1","port":54321},"timing":{"startTime":1791463001105,"domainLookupStart":-1,"domainLookupEnd":-1,"connectStart":-1,"secureConnectionStart":-1,"connectEnd":-1,"requestStart":0.38799999999991996,"responseStart":56.621999999999844},"responseEndTiming":56.884000000000015,"fetchUid":"aaaf0750b277e0b17587e181a0e1e3e0"}}}
{"type":"before","callId":"call@30","startTime":2775.071,"class":"APIRequestContext","method":"fetch","params":{"url":"http://127.0.0.1:54321/rest/v1/branch_opening_hours?branch_id=eq.b3fda257-f316-4211-84c8-821bb30edfe7","method":"PATCH","headers":[{"name":"apikey","value":"eyJhbGciOiJIUzI1NiIsInR5cCI6IkpXVCJ9.eyJpc3MiOiJzdXBhYmFzZS1kZW1vIiwicm9sZSI6InNlcnZpY2Vfcm9sZSIsImV4cCI6MTk4MzgxMjk5Nn0.EGIM96RAZx35lJzdJsyH-qQwv8Hdp7fsn3W0YpN81IU"},{"name":"authorization","value":"Bearer eyJhbGciOiJIUzI1NiIsInR5cCI6IkpXVCJ9.eyJpc3MiOiJzdXBhYmFzZS1kZW1vIiwicm9sZSI6InNlcnZpY2Vfcm9sZSIsImV4cCI6MTk4MzgxMjk5Nn0.EGIM96RAZx35lJzdJsyH-qQwv8Hdp7fsn3W0YpN81IU"},{"name":"prefer","value":"return=representation"}],"jsonData":"{\"opens_at\":\"00:00\",\"closes_at\":\"23:59\"}"},"stepId":"pw:api@49"}
{"type":"log","callId":"call@30","time":2775.531,"message":"→ PATCH http://127.0.0.1:54321/rest/v1/branch_opening_hours?branch_id=eq.b3fda257-f316-4211-84c8-821bb30edfe7"}
{"type":"log","callId":"call@30","time":2775.541,"message":"  user-agent: Mozilla/5.0 (Windows NT 10.0; Win64; x64) AppleWebKit/537.36 (KHTML, like Gecko) Chrome/153.0.8010.12 Safari/537.36"}
{"type":"log","callId":"call@30","time":2775.543,"message":"  accept: */*"}
{"type":"log","callId":"call@30","time":2775.544,"message":"  accept-encoding: gzip,deflate,br"}
{"type":"log","callId":"call@30","time":2775.546,"message":"  apikey: eyJhbGciOiJIUzI1NiIsInR5cCI6IkpXVCJ9.eyJpc3MiOiJzdXBhYmFzZS1kZW1vIiwicm9sZSI6InNlcnZpY2Vfcm9sZSIsImV4cCI6MTk4MzgxMjk5Nn0.EGIM96RAZx35lJzdJsyH-qQwv8Hdp7fsn3W0YpN81IU"}
{"type":"log","callId":"call@30","time":2775.547,"message":"  authorization: Bearer eyJhbGciOiJIUzI1NiIsInR5cCI6IkpXVCJ9.eyJpc3MiOiJzdXBhYmFzZS1kZW1vIiwicm9sZSI6InNlcnZpY2Vfcm9sZSIsImV4cCI6MTk4MzgxMjk5Nn0.EGIM96RAZx35lJzdJsyH-qQwv8Hdp7fsn3W0YpN81IU"}
{"type":"log","callId":"call@30","time":2775.548,"message":"  prefer: return=representation"}
{"type":"log","callId":"call@30","time":2775.55,"message":"  content-type: application/json"}
{"type":"log","callId":"call@30","time":2775.551,"message":"  content-length: 40"}
{"type":"log","callId":"call@30","time":2784.242,"message":"← 200 OK"}
{"type":"log","callId":"call@30","time":2784.248,"message":"  content-type: application/json; charset=utf-8"}
{"type":"log","callId":"call@30","time":2784.255,"message":"  content-length: 2336"}
{"type":"log","callId":"call@30","time":2784.257,"message":"  connection: keep-alive"}
{"type":"log","callId":"call@30","time":2784.261,"message":"  date: Thu, 08 Oct 2026 12:36:40 GMT"}
{"type":"log","callId":"call@30","time":2784.262,"message":"  server: postgrest/14.18"}
{"type":"log","callId":"call@30","time":2784.264,"message":"  content-range: 0-6/*"}
{"type":"log","callId":"call@30","time":2784.266,"message":"  preference-applied: return=representation"}
{"type":"log","callId":"call@30","time":2784.268,"message":"  content-profile: public"}
{"type":"log","callId":"call@30","time":2784.27,"message":"  access-control-allow-origin: *"}
{"type":"log","callId":"call@30","time":2784.272,"message":"  x-kong-upstream-latency: 6"}
{"type":"log","callId":"call@30","time":2784.274,"message":"  x-kong-proxy-latency: 0"}
{"type":"log","callId":"call@30","time":2784.276,"message":"  via: kong/2.8.1"}
{"type":"after","callId":"call@30","endTime":2784.384,"result":{"response":{"url":"http://127.0.0.1:54321/rest/v1/branch_opening_hours?branch_id=eq.b3fda257-f316-4211-84c8-821bb30edfe7","status":200,"statusText":"OK","headers":[{"name":"Content-Type","value":"application/json; charset=utf-8"},{"name":"Content-Length","value":"2336"},{"name":"Connection","value":"keep-alive"},{"name":"Date","value":"Thu, 08 Oct 2026 12:36:40 GMT"},{"name":"Server","value":"postgrest/14.18"},{"name":"Content-Range","value":"0-6/*"},{"name":"Preference-Applied","value":"return=representation"},{"name":"Content-Profile","value":"public"},{"name":"Access-Control-Allow-Origin","value":"*"},{"name":"X-Kong-Upstream-Latency","value":"6"},{"name":"X-Kong-Proxy-Latency","value":"0"},{"name":"Via","value":"kong/2.8.1"}],"serverAddr":{"ipAddress":"127.0.0.1","port":54321},"timing":{"startTime":1791463001166,"domainLookupStart":-1,"domainLookupEnd":-1,"connectStart":-1,"secureConnectionStart":-1,"connectEnd":-1,"requestStart":0.23100000000022192,"responseStart":8.277000000000044},"responseEndTiming":8.635999999999967,"fetchUid":"04ed6d3d082df394371ebb9d1ee35ec9"}}}
{"type":"before","callId":"call@33","startTime":2786.542,"class":"APIRequestContext","method":"fetch","params":{"url":"http://127.0.0.1:54321/auth/v1/admin/users","method":"POST","headers":[{"name":"apikey","value":"eyJhbGciOiJIUzI1NiIsInR5cCI6IkpXVCJ9.eyJpc3MiOiJzdXBhYmFzZS1kZW1vIiwicm9sZSI6InNlcnZpY2Vfcm9sZSIsImV4cCI6MTk4MzgxMjk5Nn0.EGIM96RAZx35lJzdJsyH-qQwv8Hdp7fsn3W0YpN81IU"},{"name":"authorization","value":"Bearer eyJhbGciOiJIUzI1NiIsInR5cCI6IkpXVCJ9.eyJpc3MiOiJzdXBhYmFzZS1kZW1vIiwicm9sZSI6InNlcnZpY2Vfcm9sZSIsImV4cCI6MTk4MzgxMjk5Nn0.EGIM96RAZx35lJzdJsyH-qQwv8Hdp7fsn3W0YpN81IU"},{"name":"prefer","value":"return=representation"}],"jsonData":"{\"email\":\"manager-audit-owner-muzite90jo42@checkout.test\",\"password\":\"password123\",\"email_confirm\":true}"},"stepId":"pw:api@51"}
{"type":"log","callId":"call@33","time":2786.884,"message":"→ POST http://127.0.0.1:54321/auth/v1/admin/users"}
{"type":"log","callId":"call@33","time":2786.89,"message":"  user-agent: Mozilla/5.0 (Windows NT 10.0; Win64; x64) AppleWebKit/537.36 (KHTML, like Gecko) Chrome/153.0.8010.12 Safari/537.36"}
{"type":"log","callId":"call@33","time":2786.892,"message":"  accept: */*"}
{"type":"log","callId":"call@33","time":2786.893,"message":"  accept-encoding: gzip,deflate,br"}
{"type":"log","callId":"call@33","time":2786.894,"message":"  apikey: eyJhbGciOiJIUzI1NiIsInR5cCI6IkpXVCJ9.eyJpc3MiOiJzdXBhYmFzZS1kZW1vIiwicm9sZSI6InNlcnZpY2Vfcm9sZSIsImV4cCI6MTk4MzgxMjk5Nn0.EGIM96RAZx35lJzdJsyH-qQwv8Hdp7fsn3W0YpN81IU"}
{"type":"log","callId":"call@33","time":2786.896,"message":"  authorization: Bearer eyJhbGciOiJIUzI1NiIsInR5cCI6IkpXVCJ9.eyJpc3MiOiJzdXBhYmFzZS1kZW1vIiwicm9sZSI6InNlcnZpY2Vfcm9sZSIsImV4cCI6MTk4MzgxMjk5Nn0.EGIM96RAZx35lJzdJsyH-qQwv8Hdp7fsn3W0YpN81IU"}
{"type":"log","callId":"call@33","time":2786.898,"message":"  prefer: return=representation"}
{"type":"log","callId":"call@33","time":2786.9,"message":"  content-type: application/json"}
{"type":"log","callId":"call@33","time":2786.901,"message":"  content-length: 104"}
{"type":"log","callId":"call@33","time":2933.614,"message":"← 200 OK"}
{"type":"log","callId":"call@33","time":2933.628,"message":"  content-type: application/json"}
{"type":"log","callId":"call@33","time":2933.633,"message":"  content-length: 956"}
{"type":"log","callId":"call@33","time":2933.634,"message":"  connection: keep-alive"}
{"type":"log","callId":"call@33","time":2933.636,"message":"  vary: Origin"}
{"type":"log","callId":"call@33","time":2933.638,"message":"  date: Thu, 08 Oct 2026 12:36:41 GMT"}
{"type":"log","callId":"call@33","time":2933.641,"message":"  access-control-allow-origin: *"}
{"type":"log","callId":"call@33","time":2933.643,"message":"  x-kong-upstream-latency: 142"}
{"type":"log","callId":"call@33","time":2933.644,"message":"  x-kong-proxy-latency: 1"}
{"type":"log","callId":"call@33","time":2933.648,"message":"  via: kong/2.8.1"}
{"type":"after","callId":"call@33","endTime":2933.725,"result":{"response":{"url":"http://127.0.0.1:54321/auth/v1/admin/users","status":200,"statusText":"OK","headers":[{"name":"Content-Type","value":"application/json"},{"name":"Content-Length","value":"956"},{"name":"Connection","value":"keep-alive"},{"name":"Vary","value":"Origin"},{"name":"Date","value":"Thu, 08 Oct 2026 12:36:41 GMT"},{"name":"Access-Control-Allow-Origin","value":"*"},{"name":"X-Kong-Upstream-Latency","value":"142"},{"name":"X-Kong-Proxy-Latency","value":"1"},{"name":"Via","value":"kong/2.8.1"}],"serverAddr":{"ipAddress":"127.0.0.1","port":54321},"timing":{"startTime":1791463001178,"domainLookupStart":-1,"domainLookupEnd":-1,"connectStart":-1,"secureConnectionStart":-1,"connectEnd":-1,"requestStart":0.20699999999987995,"responseStart":145.875},"responseEndTiming":146.29700000000003,"fetchUid":"3c8ad774a11806b683e98feb4fead32e"}}}
{"type":"before","callId":"call@37","startTime":2942.392,"class":"APIRequestContext","method":"fetch","params":{"url":"http://127.0.0.1:54321/rest/v1/memberships","method":"POST","headers":[{"name":"apikey","value":"eyJhbGciOiJIUzI1NiIsInR5cCI6IkpXVCJ9.eyJpc3MiOiJzdXBhYmFzZS1kZW1vIiwicm9sZSI6InNlcnZpY2Vfcm9sZSIsImV4cCI6MTk4MzgxMjk5Nn0.EGIM96RAZx35lJzdJsyH-qQwv8Hdp7fsn3W0YpN81IU"},{"name":"authorization","value":"Bearer eyJhbGciOiJIUzI1NiIsInR5cCI6IkpXVCJ9.eyJpc3MiOiJzdXBhYmFzZS1kZW1vIiwicm9sZSI6InNlcnZpY2Vfcm9sZSIsImV4cCI6MTk4MzgxMjk5Nn0.EGIM96RAZx35lJzdJsyH-qQwv8Hdp7fsn3W0YpN81IU"},{"name":"prefer","value":"return=representation"}],"jsonData":"{\"tenant_id\":\"2cd70fa8-9e06-4bfc-994f-b322f8996fb2\",\"user_id\":\"a81b04c4-0092-41ee-894b-55345c51bb3e\",\"role\":\"branch_manager\",\"branch_id\":\"b3fda257-f316-4211-84c8-821bb30edfe7\"}"},"stepId":"pw:api@53"}
{"type":"log","callId":"call@37","time":2942.758,"message":"→ POST http://127.0.0.1:54321/rest/v1/memberships"}
{"type":"log","callId":"call@37","time":2942.765,"message":"  user-agent: Mozilla/5.0 (Windows NT 10.0; Win64; x64) AppleWebKit/537.36 (KHTML, like Gecko) Chrome/153.0.8010.12 Safari/537.36"}
{"type":"log","callId":"call@37","time":2942.767,"message":"  accept: */*"}
{"type":"log","callId":"call@37","time":2942.768,"message":"  accept-encoding: gzip,deflate,br"}
{"type":"log","callId":"call@37","time":2942.77,"message":"  apikey: eyJhbGciOiJIUzI1NiIsInR5cCI6IkpXVCJ9.eyJpc3MiOiJzdXBhYmFzZS1kZW1vIiwicm9sZSI6InNlcnZpY2Vfcm9sZSIsImV4cCI6MTk4MzgxMjk5Nn0.EGIM96RAZx35lJzdJsyH-qQwv8Hdp7fsn3W0YpN81IU"}
{"type":"log","callId":"call@37","time":2942.771,"message":"  authorization: Bearer eyJhbGciOiJIUzI1NiIsInR5cCI6IkpXVCJ9.eyJpc3MiOiJzdXBhYmFzZS1kZW1vIiwicm9sZSI6InNlcnZpY2Vfcm9sZSIsImV4cCI6MTk4MzgxMjk5Nn0.EGIM96RAZx35lJzdJsyH-qQwv8Hdp7fsn3W0YpN81IU"}
{"type":"log","callId":"call@37","time":2942.774,"message":"  prefer: return=representation"}
{"type":"log","callId":"call@37","time":2942.776,"message":"  content-type: application/json"}
{"type":"log","callId":"call@37","time":2942.777,"message":"  content-length: 176"}
{"type":"log","callId":"call@37","time":2974.151,"message":"← 201 Created"}
{"type":"log","callId":"call@37","time":2974.159,"message":"  content-type: application/json; charset=utf-8"}
{"type":"log","callId":"call@37","time":2974.161,"message":"  content-length: 392"}
{"type":"log","callId":"call@37","time":2974.163,"message":"  connection: keep-alive"}
{"type":"log","callId":"call@37","time":2974.164,"message":"  date: Thu, 08 Oct 2026 12:36:40 GMT"}
{"type":"log","callId":"call@37","time":2974.166,"message":"  server: postgrest/14.18"}
{"type":"log","callId":"call@37","time":2974.167,"message":"  content-range: */*"}
{"type":"log","callId":"call@37","time":2974.169,"message":"  preference-applied: return=representation"}
{"type":"log","callId":"call@37","time":2974.173,"message":"  content-profile: public"}
{"type":"log","callId":"call@37","time":2974.188,"message":"  access-control-allow-origin: *"}
{"type":"log","callId":"call@37","time":2974.19,"message":"  x-kong-upstream-latency: 25"}
{"type":"log","callId":"call@37","time":2974.3,"message":"  x-kong-proxy-latency: 0"}
{"type":"log","callId":"call@37","time":2974.321,"message":"  via: kong/2.8.1"}
{"type":"after","callId":"call@37","endTime":2974.46,"result":{"response":{"url":"http://127.0.0.1:54321/rest/v1/memberships","status":201,"statusText":"Created","headers":[{"name":"Content-Type","value":"application/json; charset=utf-8"},{"name":"Content-Length","value":"392"},{"name":"Connection","value":"keep-alive"},{"name":"Date","value":"Thu, 08 Oct 2026 12:36:40 GMT"},{"name":"Server","value":"postgrest/14.18"},{"name":"Content-Range","value":"*/*"},{"name":"Preference-Applied","value":"return=representation"},{"name":"Content-Profile","value":"public"},{"name":"Access-Control-Allow-Origin","value":"*"},{"name":"X-Kong-Upstream-Latency","value":"25"},{"name":"X-Kong-Proxy-Latency","value":"0"},{"name":"Via","value":"kong/2.8.1"}],"serverAddr":{"ipAddress":"127.0.0.1","port":54321},"timing":{"startTime":1791463001334,"domainLookupStart":-1,"domainLookupEnd":-1,"connectStart":-1,"secureConnectionStart":-1,"connectEnd":-1,"requestStart":0.2090000000002874,"responseStart":31.083000000000084},"responseEndTiming":31.222999999999956,"fetchUid":"37033a2e4e1e05195d4aa9b7be95c5d2"}}}
{"type":"before","callId":"call@41","startTime":2981.717,"class":"APIRequestContext","method":"fetch","params":{"url":"http://127.0.0.1:54321/auth/v1/admin/users","method":"POST","headers":[{"name":"apikey","value":"eyJhbGciOiJIUzI1NiIsInR5cCI6IkpXVCJ9.eyJpc3MiOiJzdXBhYmFzZS1kZW1vIiwicm9sZSI6InNlcnZpY2Vfcm9sZSIsImV4cCI6MTk4MzgxMjk5Nn0.EGIM96RAZx35lJzdJsyH-qQwv8Hdp7fsn3W0YpN81IU"},{"name":"authorization","value":"Bearer eyJhbGciOiJIUzI1NiIsInR5cCI6IkpXVCJ9.eyJpc3MiOiJzdXBhYmFzZS1kZW1vIiwicm9sZSI6InNlcnZpY2Vfcm9sZSIsImV4cCI6MTk4MzgxMjk5Nn0.EGIM96RAZx35lJzdJsyH-qQwv8Hdp7fsn3W0YpN81IU"},{"name":"prefer","value":"return=representation"}],"jsonData":"{\"email\":\"reception-audit-owner-muzite90jo42@checkout.test\",\"password\":\"password123\",\"email_confirm\":true}"},"stepId":"pw:api@55"}
{"type":"log","callId":"call@41","time":2982.03,"message":"→ POST http://127.0.0.1:54321/auth/v1/admin/users"}
{"type":"log","callId":"call@41","time":2982.036,"message":"  user-agent: Mozilla/5.0 (Windows NT 10.0; Win64; x64) AppleWebKit/537.36 (KHTML, like Gecko) Chrome/153.0.8010.12 Safari/537.36"}
{"type":"log","callId":"call@41","time":2982.037,"message":"  accept: */*"}
{"type":"log","callId":"call@41","time":2982.038,"message":"  accept-encoding: gzip,deflate,br"}
{"type":"log","callId":"call@41","time":2982.039,"message":"  apikey: eyJhbGciOiJIUzI1NiIsInR5cCI6IkpXVCJ9.eyJpc3MiOiJzdXBhYmFzZS1kZW1vIiwicm9sZSI6InNlcnZpY2Vfcm9sZSIsImV4cCI6MTk4MzgxMjk5Nn0.EGIM96RAZx35lJzdJsyH-qQwv8Hdp7fsn3W0YpN81IU"}
{"type":"log","callId":"call@41","time":2982.041,"message":"  authorization: Bearer eyJhbGciOiJIUzI1NiIsInR5cCI6IkpXVCJ9.eyJpc3MiOiJzdXBhYmFzZS1kZW1vIiwicm9sZSI6InNlcnZpY2Vfcm9sZSIsImV4cCI6MTk4MzgxMjk5Nn0.EGIM96RAZx35lJzdJsyH-qQwv8Hdp7fsn3W0YpN81IU"}
{"type":"log","callId":"call@41","time":2982.605,"message":"  prefer: return=representation"}
{"type":"log","callId":"call@41","time":2982.982,"message":"  content-type: application/json"}
{"type":"log","callId":"call@41","time":2982.99,"message":"  content-length: 106"}
{"type":"log","callId":"call@41","time":3109.301,"message":"← 200 OK"}
{"type":"log","callId":"call@41","time":3109.307,"message":"  content-type: application/json"}
{"type":"log","callId":"call@41","time":3109.309,"message":"  content-length: 964"}
{"type":"log","callId":"call@41","time":3109.31,"message":"  connection: keep-alive"}
{"type":"log","callId":"call@41","time":3109.312,"message":"  vary: Origin"}
{"type":"log","callId":"call@41","time":3109.313,"message":"  date: Thu, 08 Oct 2026 12:36:41 GMT"}
{"type":"log","callId":"call@41","time":3109.314,"message":"  access-control-allow-origin: *"}
{"type":"log","callId":"call@41","time":3109.315,"message":"  x-kong-upstream-latency: 124"}
{"type":"log","callId":"call@41","time":3109.318,"message":"  x-kong-proxy-latency: 0"}
{"type":"log","callId":"call@41","time":3109.319,"message":"  via: kong/2.8.1"}
{"type":"after","callId":"call@41","endTime":3109.385,"result":{"response":{"url":"http://127.0.0.1:54321/auth/v1/admin/users","status":200,"statusText":"OK","headers":[{"name":"Content-Type","value":"application/json"},{"name":"Content-Length","value":"964"},{"name":"Connection","value":"keep-alive"},{"name":"Vary","value":"Origin"},{"name":"Date","value":"Thu, 08 Oct 2026 12:36:41 GMT"},{"name":"Access-Control-Allow-Origin","value":"*"},{"name":"X-Kong-Upstream-Latency","value":"124"},{"name":"X-Kong-Proxy-Latency","value":"0"},{"name":"Via","value":"kong/2.8.1"}],"serverAddr":{"ipAddress":"127.0.0.1","port":54321},"timing":{"startTime":1791463001373,"domainLookupStart":-1,"domainLookupEnd":-1,"connectStart":-1,"secureConnectionStart":-1,"connectEnd":-1,"requestStart":1.1610000000000582,"responseStart":126.89600000000019},"responseEndTiming":127.20400000000018,"fetchUid":"bcf3bce8ffc0d93802d316c13fe53096"}}}
{"type":"before","callId":"call@45","startTime":3112.371,"class":"APIRequestContext","method":"fetch","params":{"url":"http://127.0.0.1:54321/rest/v1/memberships","method":"POST","headers":[{"name":"apikey","value":"eyJhbGciOiJIUzI1NiIsInR5cCI6IkpXVCJ9.eyJpc3MiOiJzdXBhYmFzZS1kZW1vIiwicm9sZSI6InNlcnZpY2Vfcm9sZSIsImV4cCI6MTk4MzgxMjk5Nn0.EGIM96RAZx35lJzdJsyH-qQwv8Hdp7fsn3W0YpN81IU"},{"name":"authorization","value":"Bearer eyJhbGciOiJIUzI1NiIsInR5cCI6IkpXVCJ9.eyJpc3MiOiJzdXBhYmFzZS1kZW1vIiwicm9sZSI6InNlcnZpY2Vfcm9sZSIsImV4cCI6MTk4MzgxMjk5Nn0.EGIM96RAZx35lJzdJsyH-qQwv8Hdp7fsn3W0YpN81IU"},{"name":"prefer","value":"return=representation"}],"jsonData":"{\"tenant_id\":\"2cd70fa8-9e06-4bfc-994f-b322f8996fb2\",\"user_id\":\"742ea0f3-d198-4e00-97db-3838f2724468\",\"role\":\"receptionist\",\"branch_id\":\"b3fda257-f316-4211-84c8-821bb30edfe7\"}"},"stepId":"pw:api@57"}
{"type":"log","callId":"call@45","time":3112.729,"message":"→ POST http://127.0.0.1:54321/rest/v1/memberships"}
{"type":"log","callId":"call@45","time":3112.735,"message":"  user-agent: Mozilla/5.0 (Windows NT 10.0; Win64; x64) AppleWebKit/537.36 (KHTML, like Gecko) Chrome/153.0.8010.12 Safari/537.36"}
{"type":"log","callId":"call@45","time":3112.736,"message":"  accept: */*"}
{"type":"log","callId":"call@45","time":3112.739,"message":"  accept-encoding: gzip,deflate,br"}
{"type":"log","callId":"call@45","time":3112.74,"message":"  apikey: eyJhbGciOiJIUzI1NiIsInR5cCI6IkpXVCJ9.eyJpc3MiOiJzdXBhYmFzZS1kZW1vIiwicm9sZSI6InNlcnZpY2Vfcm9sZSIsImV4cCI6MTk4MzgxMjk5Nn0.EGIM96RAZx35lJzdJsyH-qQwv8Hdp7fsn3W0YpN81IU"}
{"type":"log","callId":"call@45","time":3112.741,"message":"  authorization: Bearer eyJhbGciOiJIUzI1NiIsInR5cCI6IkpXVCJ9.eyJpc3MiOiJzdXBhYmFzZS1kZW1vIiwicm9sZSI6InNlcnZpY2Vfcm9sZSIsImV4cCI6MTk4MzgxMjk5Nn0.EGIM96RAZx35lJzdJsyH-qQwv8Hdp7fsn3W0YpN81IU"}
{"type":"log","callId":"call@45","time":3112.742,"message":"  prefer: return=representation"}
{"type":"log","callId":"call@45","time":3112.743,"message":"  content-type: application/json"}
{"type":"log","callId":"call@45","time":3112.744,"message":"  content-length: 174"}
{"type":"log","callId":"call@45","time":3117.824,"message":"← 201 Created"}
{"type":"log","callId":"call@45","time":3117.831,"message":"  content-type: application/json; charset=utf-8"}
{"type":"log","callId":"call@45","time":3117.833,"message":"  content-length: 390"}
{"type":"log","callId":"call@45","time":3117.835,"message":"  connection: keep-alive"}
{"type":"log","callId":"call@45","time":3117.836,"message":"  date: Thu, 08 Oct 2026 12:36:40 GMT"}
{"type":"log","callId":"call@45","time":3117.837,"message":"  server: postgrest/14.18"}
{"type":"log","callId":"call@45","time":3117.838,"message":"  content-range: */*"}
{"type":"log","callId":"call@45","time":3117.839,"message":"  preference-applied: return=representation"}
{"type":"log","callId":"call@45","time":3117.84,"message":"  content-profile: public"}
{"type":"log","callId":"call@45","time":3117.841,"message":"  access-control-allow-origin: *"}
{"type":"log","callId":"call@45","time":3117.842,"message":"  x-kong-upstream-latency: 4"}
{"type":"log","callId":"call@45","time":3117.844,"message":"  x-kong-proxy-latency: 0"}
{"type":"log","callId":"call@45","time":3117.846,"message":"  via: kong/2.8.1"}
{"type":"after","callId":"call@45","endTime":3117.92,"result":{"response":{"url":"http://127.0.0.1:54321/rest/v1/memberships","status":201,"statusText":"Created","headers":[{"name":"Content-Type","value":"application/json; charset=utf-8"},{"name":"Content-Length","value":"390"},{"name":"Connection","value":"keep-alive"},{"name":"Date","value":"Thu, 08 Oct 2026 12:36:40 GMT"},{"name":"Server","value":"postgrest/14.18"},{"name":"Content-Range","value":"*/*"},{"name":"Preference-Applied","value":"return=representation"},{"name":"Content-Profile","value":"public"},{"name":"Access-Control-Allow-Origin","value":"*"},{"name":"X-Kong-Upstream-Latency","value":"4"},{"name":"X-Kong-Proxy-Latency","value":"0"},{"name":"Via","value":"kong/2.8.1"}],"serverAddr":{"ipAddress":"127.0.0.1","port":54321},"timing":{"startTime":1791463001504,"domainLookupStart":-1,"domainLookupEnd":-1,"connectStart":-1,"secureConnectionStart":-1,"connectEnd":-1,"requestStart":0.20200000000022555,"responseStart":4.785000000000309},"responseEndTiming":5.054000000000087,"fetchUid":"d1d025e989a2fa4e4a1e567efb864056"}}}
{"type":"before","callId":"call@49","startTime":3120.971,"class":"APIRequestContext","method":"fetch","params":{"url":"http://127.0.0.1:54321/auth/v1/admin/users","method":"POST","headers":[{"name":"apikey","value":"eyJhbGciOiJIUzI1NiIsInR5cCI6IkpXVCJ9.eyJpc3MiOiJzdXBhYmFzZS1kZW1vIiwicm9sZSI6InNlcnZpY2Vfcm9sZSIsImV4cCI6MTk4MzgxMjk5Nn0.EGIM96RAZx35lJzdJsyH-qQwv8Hdp7fsn3W0YpN81IU"},{"name":"authorization","value":"Bearer eyJhbGciOiJIUzI1NiIsInR5cCI6IkpXVCJ9.eyJpc3MiOiJzdXBhYmFzZS1kZW1vIiwicm9sZSI6InNlcnZpY2Vfcm9sZSIsImV4cCI6MTk4MzgxMjk5Nn0.EGIM96RAZx35lJzdJsyH-qQwv8Hdp7fsn3W0YpN81IU"},{"name":"prefer","value":"return=representation"}],"jsonData":"{\"email\":\"staff-audit-owner-muzite90jo42@checkout.test\",\"password\":\"password123\",\"email_confirm\":true}"},"stepId":"pw:api@59"}
{"type":"log","callId":"call@49","time":3121.539,"message":"→ POST http://127.0.0.1:54321/auth/v1/admin/users"}
{"type":"log","callId":"call@49","time":3121.549,"message":"  user-agent: Mozilla/5.0 (Windows NT 10.0; Win64; x64) AppleWebKit/537.36 (KHTML, like Gecko) Chrome/153.0.8010.12 Safari/537.36"}
{"type":"log","callId":"call@49","time":3121.551,"message":"  accept: */*"}
{"type":"log","callId":"call@49","time":3121.552,"message":"  accept-encoding: gzip,deflate,br"}
{"type":"log","callId":"call@49","time":3121.553,"message":"  apikey: eyJhbGciOiJIUzI1NiIsInR5cCI6IkpXVCJ9.eyJpc3MiOiJzdXBhYmFzZS1kZW1vIiwicm9sZSI6InNlcnZpY2Vfcm9sZSIsImV4cCI6MTk4MzgxMjk5Nn0.EGIM96RAZx35lJzdJsyH-qQwv8Hdp7fsn3W0YpN81IU"}
{"type":"log","callId":"call@49","time":3121.554,"message":"  authorization: Bearer eyJhbGciOiJIUzI1NiIsInR5cCI6IkpXVCJ9.eyJpc3MiOiJzdXBhYmFzZS1kZW1vIiwicm9sZSI6InNlcnZpY2Vfcm9sZSIsImV4cCI6MTk4MzgxMjk5Nn0.EGIM96RAZx35lJzdJsyH-qQwv8Hdp7fsn3W0YpN81IU"}
{"type":"log","callId":"call@49","time":3121.555,"message":"  prefer: return=representation"}
{"type":"log","callId":"call@49","time":3121.556,"message":"  content-type: application/json"}
{"type":"log","callId":"call@49","time":3121.557,"message":"  content-length: 102"}
{"type":"log","callId":"call@49","time":3271.188,"message":"← 200 OK"}
{"type":"log","callId":"call@49","time":3271.194,"message":"  content-type: application/json"}
{"type":"log","callId":"call@49","time":3271.197,"message":"  content-length: 952"}
{"type":"log","callId":"call@49","time":3271.198,"message":"  connection: keep-alive"}
{"type":"log","callId":"call@49","time":3271.2,"message":"  vary: Origin"}
{"type":"log","callId":"call@49","time":3271.201,"message":"  date: Thu, 08 Oct 2026 12:36:41 GMT"}
{"type":"log","callId":"call@49","time":3271.202,"message":"  access-control-allow-origin: *"}
{"type":"log","callId":"call@49","time":3271.205,"message":"  x-kong-upstream-latency: 145"}
{"type":"log","callId":"call@49","time":3271.207,"message":"  x-kong-proxy-latency: 1"}
{"type":"log","callId":"call@49","time":3271.208,"message":"  via: kong/2.8.1"}
{"type":"after","callId":"call@49","endTime":3271.279,"result":{"response":{"url":"http://127.0.0.1:54321/auth/v1/admin/users","status":200,"statusText":"OK","headers":[{"name":"Content-Type","value":"application/json"},{"name":"Content-Length","value":"952"},{"name":"Connection","value":"keep-alive"},{"name":"Vary","value":"Origin"},{"name":"Date","value":"Thu, 08 Oct 2026 12:36:41 GMT"},{"name":"Access-Control-Allow-Origin","value":"*"},{"name":"X-Kong-Upstream-Latency","value":"145"},{"name":"X-Kong-Proxy-Latency","value":"1"},{"name":"Via","value":"kong/2.8.1"}],"serverAddr":{"ipAddress":"127.0.0.1","port":54321},"timing":{"startTime":1791463001512,"domainLookupStart":-1,"domainLookupEnd":-1,"connectStart":-1,"secureConnectionStart":-1,"connectEnd":-1,"requestStart":0.33799999999973807,"responseStart":149.17799999999988},"responseEndTiming":149.57799999999997,"fetchUid":"1a7ba10bb76b3b3176610328cf1905a5"}}}
{"type":"before","callId":"call@53","startTime":3274.182,"class":"APIRequestContext","method":"fetch","params":{"url":"http://127.0.0.1:54321/rest/v1/memberships","method":"POST","headers":[{"name":"apikey","value":"eyJhbGciOiJIUzI1NiIsInR5cCI6IkpXVCJ9.eyJpc3MiOiJzdXBhYmFzZS1kZW1vIiwicm9sZSI6InNlcnZpY2Vfcm9sZSIsImV4cCI6MTk4MzgxMjk5Nn0.EGIM96RAZx35lJzdJsyH-qQwv8Hdp7fsn3W0YpN81IU"},{"name":"authorization","value":"Bearer eyJhbGciOiJIUzI1NiIsInR5cCI6IkpXVCJ9.eyJpc3MiOiJzdXBhYmFzZS1kZW1vIiwicm9sZSI6InNlcnZpY2Vfcm9sZSIsImV4cCI6MTk4MzgxMjk5Nn0.EGIM96RAZx35lJzdJsyH-qQwv8Hdp7fsn3W0YpN81IU"},{"name":"prefer","value":"return=representation"}],"jsonData":"{\"tenant_id\":\"2cd70fa8-9e06-4bfc-994f-b322f8996fb2\",\"user_id\":\"3cd3626d-3a29-4bed-8d07-a559e30920b7\",\"role\":\"staff\",\"branch_id\":\"b3fda257-f316-4211-84c8-821bb30edfe7\"}"},"stepId":"pw:api@61"}
{"type":"log","callId":"call@53","time":3274.559,"message":"→ POST http://127.0.0.1:54321/rest/v1/memberships"}
{"type":"log","callId":"call@53","time":3274.565,"message":"  user-agent: Mozilla/5.0 (Windows NT 10.0; Win64; x64) AppleWebKit/537.36 (KHTML, like Gecko) Chrome/153.0.8010.12 Safari/537.36"}
{"type":"log","callId":"call@53","time":3274.567,"message":"  accept: */*"}
{"type":"log","callId":"call@53","time":3274.568,"message":"  accept-encoding: gzip,deflate,br"}
{"type":"log","callId":"call@53","time":3274.569,"message":"  apikey: eyJhbGciOiJIUzI1NiIsInR5cCI6IkpXVCJ9.eyJpc3MiOiJzdXBhYmFzZS1kZW1vIiwicm9sZSI6InNlcnZpY2Vfcm9sZSIsImV4cCI6MTk4MzgxMjk5Nn0.EGIM96RAZx35lJzdJsyH-qQwv8Hdp7fsn3W0YpN81IU"}
{"type":"log","callId":"call@53","time":3274.57,"message":"  authorization: Bearer eyJhbGciOiJIUzI1NiIsInR5cCI6IkpXVCJ9.eyJpc3MiOiJzdXBhYmFzZS1kZW1vIiwicm9sZSI6InNlcnZpY2Vfcm9sZSIsImV4cCI6MTk4MzgxMjk5Nn0.EGIM96RAZx35lJzdJsyH-qQwv8Hdp7fsn3W0YpN81IU"}
{"type":"log","callId":"call@53","time":3274.572,"message":"  prefer: return=representation"}
{"type":"log","callId":"call@53","time":3274.573,"message":"  content-type: application/json"}
{"type":"log","callId":"call@53","time":3274.574,"message":"  content-length: 167"}
{"type":"log","callId":"call@53","time":3300.085,"message":"← 201 Created"}
{"type":"log","callId":"call@53","time":3300.09,"message":"  content-type: application/json; charset=utf-8"}
{"type":"log","callId":"call@53","time":3300.092,"message":"  content-length: 383"}
{"type":"log","callId":"call@53","time":3300.093,"message":"  connection: keep-alive"}
{"type":"log","callId":"call@53","time":3300.094,"message":"  date: Thu, 08 Oct 2026 12:36:40 GMT"}
{"type":"log","callId":"call@53","time":3300.095,"message":"  server: postgrest/14.18"}
{"type":"log","callId":"call@53","time":3300.097,"message":"  content-range: */*"}
{"type":"log","callId":"call@53","time":3300.099,"message":"  preference-applied: return=representation"}
{"type":"log","callId":"call@53","time":3300.1,"message":"  content-profile: public"}
{"type":"log","callId":"call@53","time":3300.101,"message":"  access-control-allow-origin: *"}
{"type":"log","callId":"call@53","time":3300.102,"message":"  x-kong-upstream-latency: 23"}
{"type":"log","callId":"call@53","time":3300.103,"message":"  x-kong-proxy-latency: 0"}
{"type":"log","callId":"call@53","time":3300.104,"message":"  via: kong/2.8.1"}
{"type":"after","callId":"call@53","endTime":3300.161,"result":{"response":{"url":"http://127.0.0.1:54321/rest/v1/memberships","status":201,"statusText":"Created","headers":[{"name":"Content-Type","value":"application/json; charset=utf-8"},{"name":"Content-Length","value":"383"},{"name":"Connection","value":"keep-alive"},{"name":"Date","value":"Thu, 08 Oct 2026 12:36:40 GMT"},{"name":"Server","value":"postgrest/14.18"},{"name":"Content-Range","value":"*/*"},{"name":"Preference-Applied","value":"return=representation"},{"name":"Content-Profile","value":"public"},{"name":"Access-Control-Allow-Origin","value":"*"},{"name":"X-Kong-Upstream-Latency","value":"23"},{"name":"X-Kong-Proxy-Latency","value":"0"},{"name":"Via","value":"kong/2.8.1"}],"serverAddr":{"ipAddress":"127.0.0.1","port":54321},"timing":{"startTime":1791463001666,"domainLookupStart":-1,"domainLookupEnd":-1,"connectStart":-1,"secureConnectionStart":-1,"connectEnd":-1,"requestStart":0.20699999999987995,"responseStart":25.269000000000233},"responseEndTiming":25.44300000000021,"fetchUid":"66e0553003117354f99b7824a4730da1"}}}
{"type":"before","callId":"call@57","startTime":3305.693,"class":"APIRequestContext","method":"fetch","params":{"url":"http://127.0.0.1:54321/rest/v1/service_categories","method":"POST","headers":[{"name":"apikey","value":"eyJhbGciOiJIUzI1NiIsInR5cCI6IkpXVCJ9.eyJpc3MiOiJzdXBhYmFzZS1kZW1vIiwicm9sZSI6InNlcnZpY2Vfcm9sZSIsImV4cCI6MTk4MzgxMjk5Nn0.EGIM96RAZx35lJzdJsyH-qQwv8Hdp7fsn3W0YpN81IU"},{"name":"authorization","value":"Bearer eyJhbGciOiJIUzI1NiIsInR5cCI6IkpXVCJ9.eyJpc3MiOiJzdXBhYmFzZS1kZW1vIiwicm9sZSI6InNlcnZpY2Vfcm9sZSIsImV4cCI6MTk4MzgxMjk5Nn0.EGIM96RAZx35lJzdJsyH-qQwv8Hdp7fsn3W0YpN81IU"},{"name":"prefer","value":"return=representation"}],"jsonData":"{\"tenant_id\":\"2cd70fa8-9e06-4bfc-994f-b322f8996fb2\",\"name_en\":\"Treatments\"}"},"stepId":"pw:api@63"}
{"type":"log","callId":"call@57","time":3306.003,"message":"→ POST http://127.0.0.1:54321/rest/v1/service_categories"}
{"type":"log","callId":"call@57","time":3306.009,"message":"  user-agent: Mozilla/5.0 (Windows NT 10.0; Win64; x64) AppleWebKit/537.36 (KHTML, like Gecko) Chrome/153.0.8010.12 Safari/537.36"}
{"type":"log","callId":"call@57","time":3306.013,"message":"  accept: */*"}
{"type":"log","callId":"call@57","time":3306.014,"message":"  accept-encoding: gzip,deflate,br"}
{"type":"log","callId":"call@57","time":3306.015,"message":"  apikey: eyJhbGciOiJIUzI1NiIsInR5cCI6IkpXVCJ9.eyJpc3MiOiJzdXBhYmFzZS1kZW1vIiwicm9sZSI6InNlcnZpY2Vfcm9sZSIsImV4cCI6MTk4MzgxMjk5Nn0.EGIM96RAZx35lJzdJsyH-qQwv8Hdp7fsn3W0YpN81IU"}
{"type":"log","callId":"call@57","time":3306.016,"message":"  authorization: Bearer eyJhbGciOiJIUzI1NiIsInR5cCI6IkpXVCJ9.eyJpc3MiOiJzdXBhYmFzZS1kZW1vIiwicm9sZSI6InNlcnZpY2Vfcm9sZSIsImV4cCI6MTk4MzgxMjk5Nn0.EGIM96RAZx35lJzdJsyH-qQwv8Hdp7fsn3W0YpN81IU"}
{"type":"log","callId":"call@57","time":3306.017,"message":"  prefer: return=representation"}
{"type":"log","callId":"call@57","time":3306.018,"message":"  content-type: application/json"}
{"type":"log","callId":"call@57","time":3306.019,"message":"  content-length: 75"}
{"type":"log","callId":"call@57","time":3314.123,"message":"← 201 Created"}
{"type":"log","callId":"call@57","time":3314.129,"message":"  content-type: application/json; charset=utf-8"}
{"type":"log","callId":"call@57","time":3314.13,"message":"  content-length: 300"}
{"type":"log","callId":"call@57","time":3314.134,"message":"  connection: keep-alive"}
{"type":"log","callId":"call@57","time":3314.135,"message":"  date: Thu, 08 Oct 2026 12:36:40 GMT"}
{"type":"log","callId":"call@57","time":3314.137,"message":"  server: postgrest/14.18"}
{"type":"log","callId":"call@57","time":3314.138,"message":"  content-range: */*"}
{"type":"log","callId":"call@57","time":3314.139,"message":"  preference-applied: return=representation"}
{"type":"log","callId":"call@57","time":3314.14,"message":"  content-profile: public"}
{"type":"log","callId":"call@57","time":3314.141,"message":"  access-control-allow-origin: *"}
{"type":"log","callId":"call@57","time":3314.144,"message":"  x-kong-upstream-latency: 5"}
{"type":"log","callId":"call@57","time":3314.145,"message":"  x-kong-proxy-latency: 1"}
{"type":"log","callId":"call@57","time":3314.146,"message":"  via: kong/2.8.1"}
{"type":"after","callId":"call@57","endTime":3314.212,"result":{"response":{"url":"http://127.0.0.1:54321/rest/v1/service_categories","status":201,"statusText":"Created","headers":[{"name":"Content-Type","value":"application/json; charset=utf-8"},{"name":"Content-Length","value":"300"},{"name":"Connection","value":"keep-alive"},{"name":"Date","value":"Thu, 08 Oct 2026 12:36:40 GMT"},{"name":"Server","value":"postgrest/14.18"},{"name":"Content-Range","value":"*/*"},{"name":"Preference-Applied","value":"return=representation"},{"name":"Content-Profile","value":"public"},{"name":"Access-Control-Allow-Origin","value":"*"},{"name":"X-Kong-Upstream-Latency","value":"5"},{"name":"X-Kong-Proxy-Latency","value":"1"},{"name":"Via","value":"kong/2.8.1"}],"serverAddr":{"ipAddress":"127.0.0.1","port":54321},"timing":{"startTime":1791463001697,"domainLookupStart":-1,"domainLookupEnd":-1,"connectStart":-1,"secureConnectionStart":-1,"connectEnd":-1,"requestStart":0.20299999999997453,"responseStart":7.8659999999999854},"responseEndTiming":7.992000000000189,"fetchUid":"483b5c39b33537552d2578dd3bafd89a"}}}
{"type":"before","callId":"call@61","startTime":3316.539,"class":"APIRequestContext","method":"fetch","params":{"url":"http://127.0.0.1:54321/rest/v1/services","method":"POST","headers":[{"name":"apikey","value":"eyJhbGciOiJIUzI1NiIsInR5cCI6IkpXVCJ9.eyJpc3MiOiJzdXBhYmFzZS1kZW1vIiwicm9sZSI6InNlcnZpY2Vfcm9sZSIsImV4cCI6MTk4MzgxMjk5Nn0.EGIM96RAZx35lJzdJsyH-qQwv8Hdp7fsn3W0YpN81IU"},{"name":"authorization","value":"Bearer eyJhbGciOiJIUzI1NiIsInR5cCI6IkpXVCJ9.eyJpc3MiOiJzdXBhYmFzZS1kZW1vIiwicm9sZSI6InNlcnZpY2Vfcm9sZSIsImV4cCI6MTk4MzgxMjk5Nn0.EGIM96RAZx35lJzdJsyH-qQwv8Hdp7fsn3W0YpN81IU"},{"name":"prefer","value":"return=representation"}],"jsonData":"{\"tenant_id\":\"2cd70fa8-9e06-4bfc-994f-b322f8996fb2\",\"category_id\":\"848413be-89c8-43d2-8bb1-35584156ab7a\",\"name_en\":\"Massage audit-owner-muzite90jo42\",\"name_ar\":\"مساج audit-owner-muzite90jo42\",\"duration_minutes\":30,\"price_minor\":10000}"},"stepId":"pw:api@65"}
{"type":"log","callId":"call@61","time":3316.862,"message":"→ POST http://127.0.0.1:54321/rest/v1/services"}
{"type":"log","callId":"call@61","time":3316.869,"message":"  user-agent: Mozilla/5.0 (Windows NT 10.0; Win64; x64) AppleWebKit/537.36 (KHTML, like Gecko) Chrome/153.0.8010.12 Safari/537.36"}
{"type":"log","callId":"call@61","time":3316.871,"message":"  accept: */*"}
{"type":"log","callId":"call@61","time":3316.879,"message":"  accept-encoding: gzip,deflate,br"}
{"type":"log","callId":"call@61","time":3316.88,"message":"  apikey: eyJhbGciOiJIUzI1NiIsInR5cCI6IkpXVCJ9.eyJpc3MiOiJzdXBhYmFzZS1kZW1vIiwicm9sZSI6InNlcnZpY2Vfcm9sZSIsImV4cCI6MTk4MzgxMjk5Nn0.EGIM96RAZx35lJzdJsyH-qQwv8Hdp7fsn3W0YpN81IU"}
{"type":"log","callId":"call@61","time":3316.881,"message":"  authorization: Bearer eyJhbGciOiJIUzI1NiIsInR5cCI6IkpXVCJ9.eyJpc3MiOiJzdXBhYmFzZS1kZW1vIiwicm9sZSI6InNlcnZpY2Vfcm9sZSIsImV4cCI6MTk4MzgxMjk5Nn0.EGIM96RAZx35lJzdJsyH-qQwv8Hdp7fsn3W0YpN81IU"}
{"type":"log","callId":"call@61","time":3316.883,"message":"  prefer: return=representation"}
{"type":"log","callId":"call@61","time":3316.883,"message":"  content-type: application/json"}
{"type":"log","callId":"call@61","time":3316.884,"message":"  content-length: 238"}
{"type":"log","callId":"call@61","time":3330.482,"message":"← 201 Created"}
{"type":"log","callId":"call@61","time":3330.487,"message":"  content-type: application/json; charset=utf-8"}
{"type":"log","callId":"call@61","time":3330.488,"message":"  content-length: 626"}
{"type":"log","callId":"call@61","time":3330.489,"message":"  connection: keep-alive"}
{"type":"log","callId":"call@61","time":3330.49,"message":"  date: Thu, 08 Oct 2026 12:36:40 GMT"}
{"type":"log","callId":"call@61","time":3330.491,"message":"  server: postgrest/14.18"}
{"type":"log","callId":"call@61","time":3330.495,"message":"  content-range: */*"}
{"type":"log","callId":"call@61","time":3330.496,"message":"  preference-applied: return=representation"}
{"type":"log","callId":"call@61","time":3330.497,"message":"  content-profile: public"}
{"type":"log","callId":"call@61","time":3330.498,"message":"  access-control-allow-origin: *"}
{"type":"log","callId":"call@61","time":3330.499,"message":"  x-kong-upstream-latency: 13"}
{"type":"log","callId":"call@61","time":3330.5,"message":"  x-kong-proxy-latency: 0"}
{"type":"log","callId":"call@61","time":3330.501,"message":"  via: kong/2.8.1"}
{"type":"after","callId":"call@61","endTime":3330.577,"result":{"response":{"url":"http://127.0.0.1:54321/rest/v1/services","status":201,"statusText":"Created","headers":[{"name":"Content-Type","value":"application/json; charset=utf-8"},{"name":"Content-Length","value":"626"},{"name":"Connection","value":"keep-alive"},{"name":"Date","value":"Thu, 08 Oct 2026 12:36:40 GMT"},{"name":"Server","value":"postgrest/14.18"},{"name":"Content-Range","value":"*/*"},{"name":"Preference-Applied","value":"return=representation"},{"name":"Content-Profile","value":"public"},{"name":"Access-Control-Allow-Origin","value":"*"},{"name":"X-Kong-Upstream-Latency","value":"13"},{"name":"X-Kong-Proxy-Latency","value":"0"},{"name":"Via","value":"kong/2.8.1"}],"serverAddr":{"ipAddress":"127.0.0.1","port":54321},"timing":{"startTime":1791463001708,"domainLookupStart":-1,"domainLookupEnd":-1,"connectStart":-1,"secureConnectionStart":-1,"connectEnd":-1,"requestStart":0.19200000000000728,"responseStart":13.5},"responseEndTiming":13.624000000000251,"fetchUid":"25aa60afcecf9ccad65acd04c38fa891"}}}
{"type":"before","callId":"call@65","startTime":3333.041,"class":"APIRequestContext","method":"fetch","params":{"url":"http://127.0.0.1:54321/rest/v1/staff_members","method":"POST","headers":[{"name":"apikey","value":"eyJhbGciOiJIUzI1NiIsInR5cCI6IkpXVCJ9.eyJpc3MiOiJzdXBhYmFzZS1kZW1vIiwicm9sZSI6InNlcnZpY2Vfcm9sZSIsImV4cCI6MTk4MzgxMjk5Nn0.EGIM96RAZx35lJzdJsyH-qQwv8Hdp7fsn3W0YpN81IU"},{"name":"authorization","value":"Bearer eyJhbGciOiJIUzI1NiIsInR5cCI6IkpXVCJ9.eyJpc3MiOiJzdXBhYmFzZS1kZW1vIiwicm9sZSI6InNlcnZpY2Vfcm9sZSIsImV4cCI6MTk4MzgxMjk5Nn0.EGIM96RAZx35lJzdJsyH-qQwv8Hdp7fsn3W0YpN81IU"},{"name":"prefer","value":"return=representation"}],"jsonData":"{\"tenant_id\":\"2cd70fa8-9e06-4bfc-994f-b322f8996fb2\",\"full_name_en\":\"Huda audit-owner-muzite90jo42\",\"full_name_ar\":\"هدى audit-owner-muzite90jo42\",\"user_id\":\"3cd3626d-3a29-4bed-8d07-a559e30920b7\"}"},"stepId":"pw:api@67"}
{"type":"log","callId":"call@65","time":3333.363,"message":"→ POST http://127.0.0.1:54321/rest/v1/staff_members"}
{"type":"log","callId":"call@65","time":3333.37,"message":"  user-agent: Mozilla/5.0 (Windows NT 10.0; Win64; x64) AppleWebKit/537.36 (KHTML, like Gecko) Chrome/153.0.8010.12 Safari/537.36"}
{"type":"log","callId":"call@65","time":3333.372,"message":"  accept: */*"}
{"type":"log","callId":"call@65","time":3333.373,"message":"  accept-encoding: gzip,deflate,br"}
{"type":"log","callId":"call@65","time":3333.374,"message":"  apikey: eyJhbGciOiJIUzI1NiIsInR5cCI6IkpXVCJ9.eyJpc3MiOiJzdXBhYmFzZS1kZW1vIiwicm9sZSI6InNlcnZpY2Vfcm9sZSIsImV4cCI6MTk4MzgxMjk5Nn0.EGIM96RAZx35lJzdJsyH-qQwv8Hdp7fsn3W0YpN81IU"}
{"type":"log","callId":"call@65","time":3333.375,"message":"  authorization: Bearer eyJhbGciOiJIUzI1NiIsInR5cCI6IkpXVCJ9.eyJpc3MiOiJzdXBhYmFzZS1kZW1vIiwicm9sZSI6InNlcnZpY2Vfcm9sZSIsImV4cCI6MTk4MzgxMjk5Nn0.EGIM96RAZx35lJzdJsyH-qQwv8Hdp7fsn3W0YpN81IU"}
{"type":"log","callId":"call@65","time":3333.376,"message":"  prefer: return=representation"}
{"type":"log","callId":"call@65","time":3333.377,"message":"  content-type: application/json"}
{"type":"log","callId":"call@65","time":3333.378,"message":"  content-length: 197"}
{"type":"log","callId":"call@65","time":3341.552,"message":"← 201 Created"}
{"type":"log","callId":"call@65","time":3341.557,"message":"  content-type: application/json; charset=utf-8"}
{"type":"log","callId":"call@65","time":3341.559,"message":"  content-length: 555"}
{"type":"log","callId":"call@65","time":3341.56,"message":"  connection: keep-alive"}
{"type":"log","callId":"call@65","time":3341.563,"message":"  date: Thu, 08 Oct 2026 12:36:40 GMT"}
{"type":"log","callId":"call@65","time":3341.564,"message":"  server: postgrest/14.18"}
{"type":"log","callId":"call@65","time":3341.565,"message":"  content-range: */*"}
{"type":"log","callId":"call@65","time":3341.566,"message":"  preference-applied: return=representation"}
{"type":"log","callId":"call@65","time":3341.567,"message":"  content-profile: public"}
{"type":"log","callId":"call@65","time":3341.568,"message":"  access-control-allow-origin: *"}
{"type":"log","callId":"call@65","time":3341.569,"message":"  x-kong-upstream-latency: 7"}
{"type":"log","callId":"call@65","time":3341.572,"message":"  x-kong-proxy-latency: 0"}
{"type":"log","callId":"call@65","time":3341.573,"message":"  via: kong/2.8.1"}
{"type":"after","callId":"call@65","endTime":3341.624,"result":{"response":{"url":"http://127.0.0.1:54321/rest/v1/staff_members","status":201,"statusText":"Created","headers":[{"name":"Content-Type","value":"application/json; charset=utf-8"},{"name":"Content-Length","value":"555"},{"name":"Connection","value":"keep-alive"},{"name":"Date","value":"Thu, 08 Oct 2026 12:36:40 GMT"},{"name":"Server","value":"postgrest/14.18"},{"name":"Content-Range","value":"*/*"},{"name":"Preference-Applied","value":"return=representation"},{"name":"Content-Profile","value":"public"},{"name":"Access-Control-Allow-Origin","value":"*"},{"name":"X-Kong-Upstream-Latency","value":"7"},{"name":"X-Kong-Proxy-Latency","value":"0"},{"name":"Via","value":"kong/2.8.1"}],"serverAddr":{"ipAddress":"127.0.0.1","port":54321},"timing":{"startTime":1791463001724,"domainLookupStart":-1,"domainLookupEnd":-1,"connectStart":-1,"secureConnectionStart":-1,"connectEnd":-1,"requestStart":0.169999999999618,"responseStart":8.027999999999793},"responseEndTiming":8.156999999999698,"fetchUid":"f7619851bdc2ccbbd3c1897e12707726"}}}
{"type":"before","callId":"call@69","startTime":3344.291,"class":"APIRequestContext","method":"fetch","params":{"url":"http://127.0.0.1:54321/rest/v1/staff_branch_assignments","method":"POST","headers":[{"name":"apikey","value":"eyJhbGciOiJIUzI1NiIsInR5cCI6IkpXVCJ9.eyJpc3MiOiJzdXBhYmFzZS1kZW1vIiwicm9sZSI6InNlcnZpY2Vfcm9sZSIsImV4cCI6MTk4MzgxMjk5Nn0.EGIM96RAZx35lJzdJsyH-qQwv8Hdp7fsn3W0YpN81IU"},{"name":"authorization","value":"Bearer eyJhbGciOiJIUzI1NiIsInR5cCI6IkpXVCJ9.eyJpc3MiOiJzdXBhYmFzZS1kZW1vIiwicm9sZSI6InNlcnZpY2Vfcm9sZSIsImV4cCI6MTk4MzgxMjk5Nn0.EGIM96RAZx35lJzdJsyH-qQwv8Hdp7fsn3W0YpN81IU"},{"name":"prefer","value":"return=representation"}],"jsonData":"{\"tenant_id\":\"2cd70fa8-9e06-4bfc-994f-b322f8996fb2\",\"staff_id\":\"a6ce7ce1-088d-4e00-b88b-56837d6dd655\",\"branch_id\":\"b3fda257-f316-4211-84c8-821bb30edfe7\",\"is_default\":true}"},"stepId":"pw:api@69"}
{"type":"log","callId":"call@69","time":3344.613,"message":"→ POST http://127.0.0.1:54321/rest/v1/staff_branch_assignments"}
{"type":"log","callId":"call@69","time":3344.621,"message":"  user-agent: Mozilla/5.0 (Windows NT 10.0; Win64; x64) AppleWebKit/537.36 (KHTML, like Gecko) Chrome/153.0.8010.12 Safari/537.36"}
{"type":"log","callId":"call@69","time":3344.626,"message":"  accept: */*"}
{"type":"log","callId":"call@69","time":3344.627,"message":"  accept-encoding: gzip,deflate,br"}
{"type":"log","callId":"call@69","time":3344.629,"message":"  apikey: eyJhbGciOiJIUzI1NiIsInR5cCI6IkpXVCJ9.eyJpc3MiOiJzdXBhYmFzZS1kZW1vIiwicm9sZSI6InNlcnZpY2Vfcm9sZSIsImV4cCI6MTk4MzgxMjk5Nn0.EGIM96RAZx35lJzdJsyH-qQwv8Hdp7fsn3W0YpN81IU"}
{"type":"log","callId":"call@69","time":3344.63,"message":"  authorization: Bearer eyJhbGciOiJIUzI1NiIsInR5cCI6IkpXVCJ9.eyJpc3MiOiJzdXBhYmFzZS1kZW1vIiwicm9sZSI6InNlcnZpY2Vfcm9sZSIsImV4cCI6MTk4MzgxMjk5Nn0.EGIM96RAZx35lJzdJsyH-qQwv8Hdp7fsn3W0YpN81IU"}
{"type":"log","callId":"call@69","time":3344.631,"message":"  prefer: return=representation"}
{"type":"log","callId":"call@69","time":3344.632,"message":"  content-type: application/json"}
{"type":"log","callId":"call@69","time":3344.633,"message":"  content-length: 171"}
{"type":"log","callId":"call@69","time":3367.112,"message":"← 201 Created"}
{"type":"log","callId":"call@69","time":3367.119,"message":"  content-type: application/json; charset=utf-8"}
{"type":"log","callId":"call@69","time":3367.121,"message":"  content-length: 368"}
{"type":"log","callId":"call@69","time":3367.123,"message":"  connection: keep-alive"}
{"type":"log","callId":"call@69","time":3367.126,"message":"  date: Thu, 08 Oct 2026 12:36:40 GMT"}
{"type":"log","callId":"call@69","time":3367.127,"message":"  server: postgrest/14.18"}
{"type":"log","callId":"call@69","time":3367.128,"message":"  content-range: */*"}
{"type":"log","callId":"call@69","time":3367.129,"message":"  preference-applied: return=representation"}
{"type":"log","callId":"call@69","time":3367.13,"message":"  content-profile: public"}
{"type":"log","callId":"call@69","time":3367.131,"message":"  access-control-allow-origin: *"}
{"type":"log","callId":"call@69","time":3367.132,"message":"  x-kong-upstream-latency: 18"}
{"type":"log","callId":"call@69","time":3367.166,"message":"  x-kong-proxy-latency: 0"}
{"type":"log","callId":"call@69","time":3367.175,"message":"  via: kong/2.8.1"}
{"type":"after","callId":"call@69","endTime":3367.928,"result":{"response":{"url":"http://127.0.0.1:54321/rest/v1/staff_branch_assignments","status":201,"statusText":"Created","headers":[{"name":"Content-Type","value":"application/json; charset=utf-8"},{"name":"Content-Length","value":"368"},{"name":"Connection","value":"keep-alive"},{"name":"Date","value":"Thu, 08 Oct 2026 12:36:40 GMT"},{"name":"Server","value":"postgrest/14.18"},{"name":"Content-Range","value":"*/*"},{"name":"Preference-Applied","value":"return=representation"},{"name":"Content-Profile","value":"public"},{"name":"Access-Control-Allow-Origin","value":"*"},{"name":"X-Kong-Upstream-Latency","value":"18"},{"name":"X-Kong-Proxy-Latency","value":"0"},{"name":"Via","value":"kong/2.8.1"}],"serverAddr":{"ipAddress":"127.0.0.1","port":54321},"timing":{"startTime":1791463001736,"domainLookupStart":-1,"domainLookupEnd":-1,"connectStart":-1,"secureConnectionStart":-1,"connectEnd":-1,"requestStart":0.2139999999999418,"responseStart":22.304000000000087},"responseEndTiming":22.43399999999974,"fetchUid":"7678618535e02bb27c6828e512fa81ba"}}}
{"type":"before","callId":"call@73","startTime":3379.153,"class":"APIRequestContext","method":"fetch","params":{"url":"http://127.0.0.1:54321/rest/v1/service_staff","method":"POST","headers":[{"name":"apikey","value":"eyJhbGciOiJIUzI1NiIsInR5cCI6IkpXVCJ9.eyJpc3MiOiJzdXBhYmFzZS1kZW1vIiwicm9sZSI6InNlcnZpY2Vfcm9sZSIsImV4cCI6MTk4MzgxMjk5Nn0.EGIM96RAZx35lJzdJsyH-qQwv8Hdp7fsn3W0YpN81IU"},{"name":"authorization","value":"Bearer eyJhbGciOiJIUzI1NiIsInR5cCI6IkpXVCJ9.eyJpc3MiOiJzdXBhYmFzZS1kZW1vIiwicm9sZSI6InNlcnZpY2Vfcm9sZSIsImV4cCI6MTk4MzgxMjk5Nn0.EGIM96RAZx35lJzdJsyH-qQwv8Hdp7fsn3W0YpN81IU"},{"name":"prefer","value":"return=representation"}],"jsonData":"{\"tenant_id\":\"2cd70fa8-9e06-4bfc-994f-b322f8996fb2\",\"service_id\":\"5f487cd4-63c4-4eea-b12f-462469a46e87\",\"branch_id\":\"b3fda257-f316-4211-84c8-821bb30edfe7\",\"staff_id\":\"a6ce7ce1-088d-4e00-b88b-56837d6dd655\"}"},"stepId":"pw:api@71"}
{"type":"log","callId":"call@73","time":3379.672,"message":"→ POST http://127.0.0.1:54321/rest/v1/service_staff"}
{"type":"log","callId":"call@73","time":3379.68,"message":"  user-agent: Mozilla/5.0 (Windows NT 10.0; Win64; x64) AppleWebKit/537.36 (KHTML, like Gecko) Chrome/153.0.8010.12 Safari/537.36"}
{"type":"log","callId":"call@73","time":3379.682,"message":"  accept: */*"}
{"type":"log","callId":"call@73","time":3379.683,"message":"  accept-encoding: gzip,deflate,br"}
{"type":"log","callId":"call@73","time":3379.684,"message":"  apikey: eyJhbGciOiJIUzI1NiIsInR5cCI6IkpXVCJ9.eyJpc3MiOiJzdXBhYmFzZS1kZW1vIiwicm9sZSI6InNlcnZpY2Vfcm9sZSIsImV4cCI6MTk4MzgxMjk5Nn0.EGIM96RAZx35lJzdJsyH-qQwv8Hdp7fsn3W0YpN81IU"}
{"type":"log","callId":"call@73","time":3379.685,"message":"  authorization: Bearer eyJhbGciOiJIUzI1NiIsInR5cCI6IkpXVCJ9.eyJpc3MiOiJzdXBhYmFzZS1kZW1vIiwicm9sZSI6InNlcnZpY2Vfcm9sZSIsImV4cCI6MTk4MzgxMjk5Nn0.EGIM96RAZx35lJzdJsyH-qQwv8Hdp7fsn3W0YpN81IU"}
{"type":"log","callId":"call@73","time":3379.686,"message":"  prefer: return=representation"}
{"type":"log","callId":"call@73","time":3379.689,"message":"  content-type: application/json"}
{"type":"log","callId":"call@73","time":3379.691,"message":"  content-length: 205"}
{"type":"log","callId":"call@73","time":3455.86,"message":"← 201 Created"}
{"type":"log","callId":"call@73","time":3455.87,"message":"  content-type: application/json; charset=utf-8"}
{"type":"log","callId":"call@73","time":3455.872,"message":"  content-length: 383"}
{"type":"log","callId":"call@73","time":3455.873,"message":"  connection: keep-alive"}
{"type":"log","callId":"call@73","time":3455.874,"message":"  date: Thu, 08 Oct 2026 12:36:40 GMT"}
{"type":"log","callId":"call@73","time":3455.875,"message":"  server: postgrest/14.18"}
{"type":"log","callId":"call@73","time":3455.876,"message":"  content-range: */*"}
{"type":"log","callId":"call@73","time":3455.877,"message":"  preference-applied: return=representation"}
{"type":"log","callId":"call@73","time":3455.88,"message":"  content-profile: public"}
{"type":"log","callId":"call@73","time":3455.882,"message":"  access-control-allow-origin: *"}
{"type":"log","callId":"call@73","time":3455.883,"message":"  x-kong-upstream-latency: 73"}
{"type":"log","callId":"call@73","time":3455.884,"message":"  x-kong-proxy-latency: 0"}
{"type":"log","callId":"call@73","time":3455.885,"message":"  via: kong/2.8.1"}
{"type":"after","callId":"call@73","endTime":3456.025,"result":{"response":{"url":"http://127.0.0.1:54321/rest/v1/service_staff","status":201,"statusText":"Created","headers":[{"name":"Content-Type","value":"application/json; charset=utf-8"},{"name":"Content-Length","value":"383"},{"name":"Connection","value":"keep-alive"},{"name":"Date","value":"Thu, 08 Oct 2026 12:36:40 GMT"},{"name":"Server","value":"postgrest/14.18"},{"name":"Content-Range","value":"*/*"},{"name":"Preference-Applied","value":"return=representation"},{"name":"Content-Profile","value":"public"},{"name":"Access-Control-Allow-Origin","value":"*"},{"name":"X-Kong-Upstream-Latency","value":"73"},{"name":"X-Kong-Proxy-Latency","value":"0"},{"name":"Via","value":"kong/2.8.1"}],"serverAddr":{"ipAddress":"127.0.0.1","port":54321},"timing":{"startTime":1791463001771,"domainLookupStart":-1,"domainLookupEnd":-1,"connectStart":-1,"secureConnectionStart":-1,"connectEnd":-1,"requestStart":0.31399999999985084,"responseStart":75.17900000000009},"responseEndTiming":76.16200000000026,"fetchUid":"2b067074d49d547e85cfb174df467709"}}}
{"type":"before","callId":"call@77","startTime":3469.399,"class":"APIRequestContext","method":"fetch","params":{"url":"http://127.0.0.1:54321/rest/v1/staff_members","method":"POST","headers":[{"name":"apikey","value":"eyJhbGciOiJIUzI1NiIsInR5cCI6IkpXVCJ9.eyJpc3MiOiJzdXBhYmFzZS1kZW1vIiwicm9sZSI6InNlcnZpY2Vfcm9sZSIsImV4cCI6MTk4MzgxMjk5Nn0.EGIM96RAZx35lJzdJsyH-qQwv8Hdp7fsn3W0YpN81IU"},{"name":"authorization","value":"Bearer eyJhbGciOiJIUzI1NiIsInR5cCI6IkpXVCJ9.eyJpc3MiOiJzdXBhYmFzZS1kZW1vIiwicm9sZSI6InNlcnZpY2Vfcm9sZSIsImV4cCI6MTk4MzgxMjk5Nn0.EGIM96RAZx35lJzdJsyH-qQwv8Hdp7fsn3W0YpN81IU"},{"name":"prefer","value":"return=representation"}],"jsonData":"{\"tenant_id\":\"2cd70fa8-9e06-4bfc-994f-b322f8996fb2\",\"full_name_en\":\"Mariam audit-owner-muzite90jo42\",\"full_name_ar\":\"مريم audit-owner-muzite90jo42\"}"},"stepId":"pw:api@73"}
{"type":"log","callId":"call@77","time":3469.776,"message":"→ POST http://127.0.0.1:54321/rest/v1/staff_members"}
{"type":"log","callId":"call@77","time":3469.788,"message":"  user-agent: Mozilla/5.0 (Windows NT 10.0; Win64; x64) AppleWebKit/537.36 (KHTML, like Gecko) Chrome/153.0.8010.12 Safari/537.36"}
{"type":"log","callId":"call@77","time":3469.79,"message":"  accept: */*"}
{"type":"log","callId":"call@77","time":3469.791,"message":"  accept-encoding: gzip,deflate,br"}
{"type":"log","callId":"call@77","time":3469.792,"message":"  apikey: eyJhbGciOiJIUzI1NiIsInR5cCI6IkpXVCJ9.eyJpc3MiOiJzdXBhYmFzZS1kZW1vIiwicm9sZSI6InNlcnZpY2Vfcm9sZSIsImV4cCI6MTk4MzgxMjk5Nn0.EGIM96RAZx35lJzdJsyH-qQwv8Hdp7fsn3W0YpN81IU"}
{"type":"log","callId":"call@77","time":3469.793,"message":"  authorization: Bearer eyJhbGciOiJIUzI1NiIsInR5cCI6IkpXVCJ9.eyJpc3MiOiJzdXBhYmFzZS1kZW1vIiwicm9sZSI6InNlcnZpY2Vfcm9sZSIsImV4cCI6MTk4MzgxMjk5Nn0.EGIM96RAZx35lJzdJsyH-qQwv8Hdp7fsn3W0YpN81IU"}
{"type":"log","callId":"call@77","time":3469.798,"message":"  prefer: return=representation"}
{"type":"log","callId":"call@77","time":3469.799,"message":"  content-type: application/json"}
{"type":"log","callId":"call@77","time":3469.8,"message":"  content-length: 152"}
{"type":"log","callId":"call@77","time":3506.957,"message":"← 201 Created"}
{"type":"log","callId":"call@77","time":3506.962,"message":"  content-type: application/json; charset=utf-8"}
{"type":"log","callId":"call@77","time":3506.964,"message":"  content-length: 529"}
{"type":"log","callId":"call@77","time":3506.965,"message":"  connection: keep-alive"}
{"type":"log","callId":"call@77","time":3506.966,"message":"  date: Thu, 08 Oct 2026 12:36:40 GMT"}
{"type":"log","callId":"call@77","time":3506.967,"message":"  server: postgrest/14.18"}
{"type":"log","callId":"call@77","time":3506.968,"message":"  content-range: */*"}
{"type":"log","callId":"call@77","time":3506.969,"message":"  preference-applied: return=representation"}
{"type":"log","callId":"call@77","time":3506.996,"message":"  content-profile: public"}
{"type":"log","callId":"call@77","time":3506.998,"message":"  access-control-allow-origin: *"}
{"type":"log","callId":"call@77","time":3506.999,"message":"  x-kong-upstream-latency: 31"}
{"type":"log","callId":"call@77","time":3507,"message":"  x-kong-proxy-latency: 1"}
{"type":"log","callId":"call@77","time":3507.001,"message":"  via: kong/2.8.1"}
{"type":"after","callId":"call@77","endTime":3507.063,"result":{"response":{"url":"http://127.0.0.1:54321/rest/v1/staff_members","status":201,"statusText":"Created","headers":[{"name":"Content-Type","value":"application/json; charset=utf-8"},{"name":"Content-Length","value":"529"},{"name":"Connection","value":"keep-alive"},{"name":"Date","value":"Thu, 08 Oct 2026 12:36:40 GMT"},{"name":"Server","value":"postgrest/14.18"},{"name":"Content-Range","value":"*/*"},{"name":"Preference-Applied","value":"return=representation"},{"name":"Content-Profile","value":"public"},{"name":"Access-Control-Allow-Origin","value":"*"},{"name":"X-Kong-Upstream-Latency","value":"31"},{"name":"X-Kong-Proxy-Latency","value":"1"},{"name":"Via","value":"kong/2.8.1"}],"serverAddr":{"ipAddress":"127.0.0.1","port":54321},"timing":{"startTime":1791463001861,"domainLookupStart":-1,"domainLookupEnd":-1,"connectStart":-1,"secureConnectionStart":-1,"connectEnd":-1,"requestStart":0.24200000000018917,"responseStart":37.07900000000018},"responseEndTiming":37.208000000000084,"fetchUid":"8adf75d26b910f93fd3172f0add9e2bc"}}}
{"type":"before","callId":"call@81","startTime":3510.012,"class":"APIRequestContext","method":"fetch","params":{"url":"http://127.0.0.1:54321/rest/v1/staff_branch_assignments","method":"POST","headers":[{"name":"apikey","value":"eyJhbGciOiJIUzI1NiIsInR5cCI6IkpXVCJ9.eyJpc3MiOiJzdXBhYmFzZS1kZW1vIiwicm9sZSI6InNlcnZpY2Vfcm9sZSIsImV4cCI6MTk4MzgxMjk5Nn0.EGIM96RAZx35lJzdJsyH-qQwv8Hdp7fsn3W0YpN81IU"},{"name":"authorization","value":"Bearer eyJhbGciOiJIUzI1NiIsInR5cCI6IkpXVCJ9.eyJpc3MiOiJzdXBhYmFzZS1kZW1vIiwicm9sZSI6InNlcnZpY2Vfcm9sZSIsImV4cCI6MTk4MzgxMjk5Nn0.EGIM96RAZx35lJzdJsyH-qQwv8Hdp7fsn3W0YpN81IU"},{"name":"prefer","value":"return=representation"}],"jsonData":"{\"tenant_id\":\"2cd70fa8-9e06-4bfc-994f-b322f8996fb2\",\"staff_id\":\"03d9c410-deee-4511-88ee-be7a39950493\",\"branch_id\":\"b3fda257-f316-4211-84c8-821bb30edfe7\",\"is_default\":true}"},"stepId":"pw:api@75"}
{"type":"log","callId":"call@81","time":3510.984,"message":"→ POST http://127.0.0.1:54321/rest/v1/staff_branch_assignments"}
{"type":"log","callId":"call@81","time":3511.004,"message":"  user-agent: Mozilla/5.0 (Windows NT 10.0; Win64; x64) AppleWebKit/537.36 (KHTML, like Gecko) Chrome/153.0.8010.12 Safari/537.36"}
{"type":"log","callId":"call@81","time":3511.006,"message":"  accept: */*"}
{"type":"log","callId":"call@81","time":3511.007,"message":"  accept-encoding: gzip,deflate,br"}
{"type":"log","callId":"call@81","time":3511.009,"message":"  apikey: eyJhbGciOiJIUzI1NiIsInR5cCI6IkpXVCJ9.eyJpc3MiOiJzdXBhYmFzZS1kZW1vIiwicm9sZSI6InNlcnZpY2Vfcm9sZSIsImV4cCI6MTk4MzgxMjk5Nn0.EGIM96RAZx35lJzdJsyH-qQwv8Hdp7fsn3W0YpN81IU"}
{"type":"log","callId":"call@81","time":3511.01,"message":"  authorization: Bearer eyJhbGciOiJIUzI1NiIsInR5cCI6IkpXVCJ9.eyJpc3MiOiJzdXBhYmFzZS1kZW1vIiwicm9sZSI6InNlcnZpY2Vfcm9sZSIsImV4cCI6MTk4MzgxMjk5Nn0.EGIM96RAZx35lJzdJsyH-qQwv8Hdp7fsn3W0YpN81IU"}
{"type":"log","callId":"call@81","time":3511.012,"message":"  prefer: return=representation"}
{"type":"log","callId":"call@81","time":3511.016,"message":"  content-type: application/json"}
{"type":"log","callId":"call@81","time":3511.017,"message":"  content-length: 171"}
{"type":"log","callId":"call@81","time":3518.279,"message":"← 201 Created"}
{"type":"log","callId":"call@81","time":3518.287,"message":"  content-type: application/json; charset=utf-8"}
{"type":"log","callId":"call@81","time":3518.289,"message":"  content-length: 368"}
{"type":"log","callId":"call@81","time":3518.29,"message":"  connection: keep-alive"}
{"type":"log","callId":"call@81","time":3518.291,"message":"  date: Thu, 08 Oct 2026 12:36:40 GMT"}
{"type":"log","callId":"call@81","time":3518.292,"message":"  server: postgrest/14.18"}
{"type":"log","callId":"call@81","time":3518.293,"message":"  content-range: */*"}
{"type":"log","callId":"call@81","time":3518.293,"message":"  preference-applied: return=representation"}
{"type":"log","callId":"call@81","time":3518.294,"message":"  content-profile: public"}
{"type":"log","callId":"call@81","time":3518.297,"message":"  access-control-allow-origin: *"}
{"type":"log","callId":"call@81","time":3518.298,"message":"  x-kong-upstream-latency: 6"}
{"type":"log","callId":"call@81","time":3518.299,"message":"  x-kong-proxy-latency: 1"}
{"type":"log","callId":"call@81","time":3518.3,"message":"  via: kong/2.8.1"}
{"type":"after","callId":"call@81","endTime":3518.356,"result":{"response":{"url":"http://127.0.0.1:54321/rest/v1/staff_branch_assignments","status":201,"statusText":"Created","headers":[{"name":"Content-Type","value":"application/json; charset=utf-8"},{"name":"Content-Length","value":"368"},{"name":"Connection","value":"keep-alive"},{"name":"Date","value":"Thu, 08 Oct 2026 12:36:40 GMT"},{"name":"Server","value":"postgrest/14.18"},{"name":"Content-Range","value":"*/*"},{"name":"Preference-Applied","value":"return=representation"},{"name":"Content-Profile","value":"public"},{"name":"Access-Control-Allow-Origin","value":"*"},{"name":"X-Kong-Upstream-Latency","value":"6"},{"name":"X-Kong-Proxy-Latency","value":"1"},{"name":"Via","value":"kong/2.8.1"}],"serverAddr":{"ipAddress":"127.0.0.1","port":54321},"timing":{"startTime":1791463001901,"domainLookupStart":-1,"domainLookupEnd":-1,"connectStart":-1,"secureConnectionStart":-1,"connectEnd":-1,"requestStart":0.8800000000001091,"responseStart":7.834000000000287},"responseEndTiming":7.95699999999988,"fetchUid":"e9ad11cf17e301bdf1193410ee6fd7b9"}}}
{"type":"before","callId":"call@85","startTime":3521.599,"class":"APIRequestContext","method":"fetch","params":{"url":"http://127.0.0.1:54321/rest/v1/service_staff","method":"POST","headers":[{"name":"apikey","value":"eyJhbGciOiJIUzI1NiIsInR5cCI6IkpXVCJ9.eyJpc3MiOiJzdXBhYmFzZS1kZW1vIiwicm9sZSI6InNlcnZpY2Vfcm9sZSIsImV4cCI6MTk4MzgxMjk5Nn0.EGIM96RAZx35lJzdJsyH-qQwv8Hdp7fsn3W0YpN81IU"},{"name":"authorization","value":"Bearer eyJhbGciOiJIUzI1NiIsInR5cCI6IkpXVCJ9.eyJpc3MiOiJzdXBhYmFzZS1kZW1vIiwicm9sZSI6InNlcnZpY2Vfcm9sZSIsImV4cCI6MTk4MzgxMjk5Nn0.EGIM96RAZx35lJzdJsyH-qQwv8Hdp7fsn3W0YpN81IU"},{"name":"prefer","value":"return=representation"}],"jsonData":"{\"tenant_id\":\"2cd70fa8-9e06-4bfc-994f-b322f8996fb2\",\"service_id\":\"5f487cd4-63c4-4eea-b12f-462469a46e87\",\"branch_id\":\"b3fda257-f316-4211-84c8-821bb30edfe7\",\"staff_id\":\"03d9c410-deee-4511-88ee-be7a39950493\"}"},"stepId":"pw:api@77"}
{"type":"log","callId":"call@85","time":3521.972,"message":"→ POST http://127.0.0.1:54321/rest/v1/service_staff"}
{"type":"log","callId":"call@85","time":3521.999,"message":"  user-agent: Mozilla/5.0 (Windows NT 10.0; Win64; x64) AppleWebKit/537.36 (KHTML, like Gecko) Chrome/153.0.8010.12 Safari/537.36"}
{"type":"log","callId":"call@85","time":3522.02,"message":"  accept: */*"}
{"type":"log","callId":"call@85","time":3522.026,"message":"  accept-encoding: gzip,deflate,br"}
{"type":"log","callId":"call@85","time":3522.028,"message":"  apikey: eyJhbGciOiJIUzI1NiIsInR5cCI6IkpXVCJ9.eyJpc3MiOiJzdXBhYmFzZS1kZW1vIiwicm9sZSI6InNlcnZpY2Vfcm9sZSIsImV4cCI6MTk4MzgxMjk5Nn0.EGIM96RAZx35lJzdJsyH-qQwv8Hdp7fsn3W0YpN81IU"}
{"type":"log","callId":"call@85","time":3522.03,"message":"  authorization: Bearer eyJhbGciOiJIUzI1NiIsInR5cCI6IkpXVCJ9.eyJpc3MiOiJzdXBhYmFzZS1kZW1vIiwicm9sZSI6InNlcnZpY2Vfcm9sZSIsImV4cCI6MTk4MzgxMjk5Nn0.EGIM96RAZx35lJzdJsyH-qQwv8Hdp7fsn3W0YpN81IU"}
{"type":"log","callId":"call@85","time":3522.031,"message":"  prefer: return=representation"}
{"type":"log","callId":"call@85","time":3522.032,"message":"  content-type: application/json"}
{"type":"log","callId":"call@85","time":3522.033,"message":"  content-length: 205"}
{"type":"log","callId":"call@85","time":3531.386,"message":"← 201 Created"}
{"type":"log","callId":"call@85","time":3531.391,"message":"  content-type: application/json; charset=utf-8"}
{"type":"log","callId":"call@85","time":3531.392,"message":"  content-length: 383"}
{"type":"log","callId":"call@85","time":3531.394,"message":"  connection: keep-alive"}
{"type":"log","callId":"call@85","time":3531.395,"message":"  date: Thu, 08 Oct 2026 12:36:40 GMT"}
{"type":"log","callId":"call@85","time":3531.396,"message":"  server: postgrest/14.18"}
{"type":"log","callId":"call@85","time":3531.397,"message":"  content-range: */*"}
{"type":"log","callId":"call@85","time":3531.404,"message":"  preference-applied: return=representation"}
{"type":"log","callId":"call@85","time":3531.405,"message":"  content-profile: public"}
{"type":"log","callId":"call@85","time":3531.407,"message":"  access-control-allow-origin: *"}
{"type":"log","callId":"call@85","time":3531.408,"message":"  x-kong-upstream-latency: 6"}
{"type":"log","callId":"call@85","time":3531.409,"message":"  x-kong-proxy-latency: 0"}
{"type":"log","callId":"call@85","time":3531.41,"message":"  via: kong/2.8.1"}
{"type":"after","callId":"call@85","endTime":3531.465,"result":{"response":{"url":"http://127.0.0.1:54321/rest/v1/service_staff","status":201,"statusText":"Created","headers":[{"name":"Content-Type","value":"application/json; charset=utf-8"},{"name":"Content-Length","value":"383"},{"name":"Connection","value":"keep-alive"},{"name":"Date","value":"Thu, 08 Oct 2026 12:36:40 GMT"},{"name":"Server","value":"postgrest/14.18"},{"name":"Content-Range","value":"*/*"},{"name":"Preference-Applied","value":"return=representation"},{"name":"Content-Profile","value":"public"},{"name":"Access-Control-Allow-Origin","value":"*"},{"name":"X-Kong-Upstream-Latency","value":"6"},{"name":"X-Kong-Proxy-Latency","value":"0"},{"name":"Via","value":"kong/2.8.1"}],"serverAddr":{"ipAddress":"127.0.0.1","port":54321},"timing":{"startTime":1791463001913,"domainLookupStart":-1,"domainLookupEnd":-1,"connectStart":-1,"secureConnectionStart":-1,"connectEnd":-1,"requestStart":0.3949999999999818,"responseStart":9.249000000000251},"responseEndTiming":9.463000000000193,"fetchUid":"8ce1407fb53bc2762dc77de69193f7c2"}}}
{"type":"before","callId":"call@89","startTime":3535.823,"class":"APIRequestContext","method":"fetch","params":{"url":"http://127.0.0.1:54321/rest/v1/staff_members","method":"POST","headers":[{"name":"apikey","value":"eyJhbGciOiJIUzI1NiIsInR5cCI6IkpXVCJ9.eyJpc3MiOiJzdXBhYmFzZS1kZW1vIiwicm9sZSI6InNlcnZpY2Vfcm9sZSIsImV4cCI6MTk4MzgxMjk5Nn0.EGIM96RAZx35lJzdJsyH-qQwv8Hdp7fsn3W0YpN81IU"},{"name":"authorization","value":"Bearer eyJhbGciOiJIUzI1NiIsInR5cCI6IkpXVCJ9.eyJpc3MiOiJzdXBhYmFzZS1kZW1vIiwicm9sZSI6InNlcnZpY2Vfcm9sZSIsImV4cCI6MTk4MzgxMjk5Nn0.EGIM96RAZx35lJzdJsyH-qQwv8Hdp7fsn3W0YpN81IU"},{"name":"prefer","value":"return=representation"}],"jsonData":"{\"tenant_id\":\"2cd70fa8-9e06-4bfc-994f-b322f8996fb2\",\"full_name_en\":\"Dana audit-owner-muzite90jo42\",\"full_name_ar\":\"دانة audit-owner-muzite90jo42\"}"},"stepId":"pw:api@79"}
{"type":"log","callId":"call@89","time":3536.118,"message":"→ POST http://127.0.0.1:54321/rest/v1/staff_members"}
{"type":"log","callId":"call@89","time":3536.124,"message":"  user-agent: Mozilla/5.0 (Windows NT 10.0; Win64; x64) AppleWebKit/537.36 (KHTML, like Gecko) Chrome/153.0.8010.12 Safari/537.36"}
{"type":"log","callId":"call@89","time":3536.125,"message":"  accept: */*"}
{"type":"log","callId":"call@89","time":3536.126,"message":"  accept-encoding: gzip,deflate,br"}
{"type":"log","callId":"call@89","time":3536.127,"message":"  apikey: eyJhbGciOiJIUzI1NiIsInR5cCI6IkpXVCJ9.eyJpc3MiOiJzdXBhYmFzZS1kZW1vIiwicm9sZSI6InNlcnZpY2Vfcm9sZSIsImV4cCI6MTk4MzgxMjk5Nn0.EGIM96RAZx35lJzdJsyH-qQwv8Hdp7fsn3W0YpN81IU"}
{"type":"log","callId":"call@89","time":3536.128,"message":"  authorization: Bearer eyJhbGciOiJIUzI1NiIsInR5cCI6IkpXVCJ9.eyJpc3MiOiJzdXBhYmFzZS1kZW1vIiwicm9sZSI6InNlcnZpY2Vfcm9sZSIsImV4cCI6MTk4MzgxMjk5Nn0.EGIM96RAZx35lJzdJsyH-qQwv8Hdp7fsn3W0YpN81IU"}
{"type":"log","callId":"call@89","time":3536.129,"message":"  prefer: return=representation"}
{"type":"log","callId":"call@89","time":3536.131,"message":"  content-type: application/json"}
{"type":"log","callId":"call@89","time":3536.132,"message":"  content-length: 150"}
{"type":"log","callId":"call@89","time":3541.625,"message":"← 201 Created"}
{"type":"log","callId":"call@89","time":3541.631,"message":"  content-type: application/json; charset=utf-8"}
{"type":"log","callId":"call@89","time":3541.633,"message":"  content-length: 525"}
{"type":"log","callId":"call@89","time":3541.634,"message":"  connection: keep-alive"}
{"type":"log","callId":"call@89","time":3541.635,"message":"  date: Thu, 08 Oct 2026 12:36:40 GMT"}
{"type":"log","callId":"call@89","time":3541.636,"message":"  server: postgrest/14.18"}
{"type":"log","callId":"call@89","time":3541.637,"message":"  content-range: */*"}
{"type":"log","callId":"call@89","time":3541.638,"message":"  preference-applied: return=representation"}
{"type":"log","callId":"call@89","time":3541.64,"message":"  content-profile: public"}
{"type":"log","callId":"call@89","time":3541.642,"message":"  access-control-allow-origin: *"}
{"type":"log","callId":"call@89","time":3541.643,"message":"  x-kong-upstream-latency: 4"}
{"type":"log","callId":"call@89","time":3541.645,"message":"  x-kong-proxy-latency: 0"}
{"type":"log","callId":"call@89","time":3541.646,"message":"  via: kong/2.8.1"}
{"type":"after","callId":"call@89","endTime":3541.707,"result":{"response":{"url":"http://127.0.0.1:54321/rest/v1/staff_members","status":201,"statusText":"Created","headers":[{"name":"Content-Type","value":"application/json; charset=utf-8"},{"name":"Content-Length","value":"525"},{"name":"Connection","value":"keep-alive"},{"name":"Date","value":"Thu, 08 Oct 2026 12:36:40 GMT"},{"name":"Server","value":"postgrest/14.18"},{"name":"Content-Range","value":"*/*"},{"name":"Preference-Applied","value":"return=representation"},{"name":"Content-Profile","value":"public"},{"name":"Access-Control-Allow-Origin","value":"*"},{"name":"X-Kong-Upstream-Latency","value":"4"},{"name":"X-Kong-Proxy-Latency","value":"0"},{"name":"Via","value":"kong/2.8.1"}],"serverAddr":{"ipAddress":"127.0.0.1","port":54321},"timing":{"startTime":1791463001927,"domainLookupStart":-1,"domainLookupEnd":-1,"connectStart":-1,"secureConnectionStart":-1,"connectEnd":-1,"requestStart":0.16500000000041837,"responseStart":5.33600000000024},"responseEndTiming":5.4640000000003965,"fetchUid":"15f16712e0dcd9103ac673e0b1574c48"}}}
{"type":"before","callId":"call@93","startTime":3544.352,"class":"APIRequestContext","method":"fetch","params":{"url":"http://127.0.0.1:54321/rest/v1/staff_branch_assignments","method":"POST","headers":[{"name":"apikey","value":"eyJhbGciOiJIUzI1NiIsInR5cCI6IkpXVCJ9.eyJpc3MiOiJzdXBhYmFzZS1kZW1vIiwicm9sZSI6InNlcnZpY2Vfcm9sZSIsImV4cCI6MTk4MzgxMjk5Nn0.EGIM96RAZx35lJzdJsyH-qQwv8Hdp7fsn3W0YpN81IU"},{"name":"authorization","value":"Bearer eyJhbGciOiJIUzI1NiIsInR5cCI6IkpXVCJ9.eyJpc3MiOiJzdXBhYmFzZS1kZW1vIiwicm9sZSI6InNlcnZpY2Vfcm9sZSIsImV4cCI6MTk4MzgxMjk5Nn0.EGIM96RAZx35lJzdJsyH-qQwv8Hdp7fsn3W0YpN81IU"},{"name":"prefer","value":"return=representation"}],"jsonData":"{\"tenant_id\":\"2cd70fa8-9e06-4bfc-994f-b322f8996fb2\",\"staff_id\":\"708539f6-b67a-4b8c-a4f1-1f346f980722\",\"branch_id\":\"90d6ec6d-7dd4-431d-9c39-6b3c0fe651c7\",\"is_default\":true}"},"stepId":"pw:api@81"}
{"type":"log","callId":"call@93","time":3544.906,"message":"→ POST http://127.0.0.1:54321/rest/v1/staff_branch_assignments"}
{"type":"log","callId":"call@93","time":3544.917,"message":"  user-agent: Mozilla/5.0 (Windows NT 10.0; Win64; x64) AppleWebKit/537.36 (KHTML, like Gecko) Chrome/153.0.8010.12 Safari/537.36"}
{"type":"log","callId":"call@93","time":3544.918,"message":"  accept: */*"}
{"type":"log","callId":"call@93","time":3544.921,"message":"  accept-encoding: gzip,deflate,br"}
{"type":"log","callId":"call@93","time":3544.922,"message":"  apikey: eyJhbGciOiJIUzI1NiIsInR5cCI6IkpXVCJ9.eyJpc3MiOiJzdXBhYmFzZS1kZW1vIiwicm9sZSI6InNlcnZpY2Vfcm9sZSIsImV4cCI6MTk4MzgxMjk5Nn0.EGIM96RAZx35lJzdJsyH-qQwv8Hdp7fsn3W0YpN81IU"}
{"type":"log","callId":"call@93","time":3544.923,"message":"  authorization: Bearer eyJhbGciOiJIUzI1NiIsInR5cCI6IkpXVCJ9.eyJpc3MiOiJzdXBhYmFzZS1kZW1vIiwicm9sZSI6InNlcnZpY2Vfcm9sZSIsImV4cCI6MTk4MzgxMjk5Nn0.EGIM96RAZx35lJzdJsyH-qQwv8Hdp7fsn3W0YpN81IU"}
{"type":"log","callId":"call@93","time":3544.924,"message":"  prefer: return=representation"}
{"type":"log","callId":"call@93","time":3544.925,"message":"  content-type: application/json"}
{"type":"log","callId":"call@93","time":3544.926,"message":"  content-length: 171"}
{"type":"log","callId":"call@93","time":3551.815,"message":"← 201 Created"}
{"type":"log","callId":"call@93","time":3551.82,"message":"  content-type: application/json; charset=utf-8"}
{"type":"log","callId":"call@93","time":3551.822,"message":"  content-length: 368"}
{"type":"log","callId":"call@93","time":3551.823,"message":"  connection: keep-alive"}
{"type":"log","callId":"call@93","time":3551.824,"message":"  date: Thu, 08 Oct 2026 12:36:41 GMT"}
{"type":"log","callId":"call@93","time":3551.827,"message":"  server: postgrest/14.18"}
{"type":"log","callId":"call@93","time":3551.828,"message":"  content-range: */*"}
{"type":"log","callId":"call@93","time":3551.828,"message":"  preference-applied: return=representation"}
{"type":"log","callId":"call@93","time":3551.83,"message":"  content-profile: public"}
{"type":"log","callId":"call@93","time":3551.831,"message":"  access-control-allow-origin: *"}
{"type":"log","callId":"call@93","time":3551.832,"message":"  x-kong-upstream-latency: 4"}
{"type":"log","callId":"call@93","time":3551.833,"message":"  x-kong-proxy-latency: 1"}
{"type":"log","callId":"call@93","time":3551.835,"message":"  via: kong/2.8.1"}
{"type":"after","callId":"call@93","endTime":3551.899,"result":{"response":{"url":"http://127.0.0.1:54321/rest/v1/staff_branch_assignments","status":201,"statusText":"Created","headers":[{"name":"Content-Type","value":"application/json; charset=utf-8"},{"name":"Content-Length","value":"368"},{"name":"Connection","value":"keep-alive"},{"name":"Date","value":"Thu, 08 Oct 2026 12:36:41 GMT"},{"name":"Server","value":"postgrest/14.18"},{"name":"Content-Range","value":"*/*"},{"name":"Preference-Applied","value":"return=representation"},{"name":"Content-Profile","value":"public"},{"name":"Access-Control-Allow-Origin","value":"*"},{"name":"X-Kong-Upstream-Latency","value":"4"},{"name":"X-Kong-Proxy-Latency","value":"1"},{"name":"Via","value":"kong/2.8.1"}],"serverAddr":{"ipAddress":"127.0.0.1","port":54321},"timing":{"startTime":1791463001936,"domainLookupStart":-1,"domainLookupEnd":-1,"connectStart":-1,"secureConnectionStart":-1,"connectEnd":-1,"requestStart":0.3569999999999709,"responseStart":6.6349999999997635},"responseEndTiming":7.003999999999905,"fetchUid":"be40b4b6dbbb0430c71040684d64e7fc"}}}
{"type":"before","callId":"call@97","startTime":3555.336,"class":"APIRequestContext","method":"fetch","params":{"url":"http://127.0.0.1:54321/rest/v1/service_staff","method":"POST","headers":[{"name":"apikey","value":"eyJhbGciOiJIUzI1NiIsInR5cCI6IkpXVCJ9.eyJpc3MiOiJzdXBhYmFzZS1kZW1vIiwicm9sZSI6InNlcnZpY2Vfcm9sZSIsImV4cCI6MTk4MzgxMjk5Nn0.EGIM96RAZx35lJzdJsyH-qQwv8Hdp7fsn3W0YpN81IU"},{"name":"authorization","value":"Bearer eyJhbGciOiJIUzI1NiIsInR5cCI6IkpXVCJ9.eyJpc3MiOiJzdXBhYmFzZS1kZW1vIiwicm9sZSI6InNlcnZpY2Vfcm9sZSIsImV4cCI6MTk4MzgxMjk5Nn0.EGIM96RAZx35lJzdJsyH-qQwv8Hdp7fsn3W0YpN81IU"},{"name":"prefer","value":"return=representation"}],"jsonData":"{\"tenant_id\":\"2cd70fa8-9e06-4bfc-994f-b322f8996fb2\",\"service_id\":\"5f487cd4-63c4-4eea-b12f-462469a46e87\",\"branch_id\":\"90d6ec6d-7dd4-431d-9c39-6b3c0fe651c7\",\"staff_id\":\"708539f6-b67a-4b8c-a4f1-1f346f980722\"}"},"stepId":"pw:api@83"}
{"type":"log","callId":"call@97","time":3555.605,"message":"→ POST http://127.0.0.1:54321/rest/v1/service_staff"}
{"type":"log","callId":"call@97","time":3555.619,"message":"  user-agent: Mozilla/5.0 (Windows NT 10.0; Win64; x64) AppleWebKit/537.36 (KHTML, like Gecko) Chrome/153.0.8010.12 Safari/537.36"}
{"type":"log","callId":"call@97","time":3555.621,"message":"  accept: */*"}
{"type":"log","callId":"call@97","time":3555.624,"message":"  accept-encoding: gzip,deflate,br"}
{"type":"log","callId":"call@97","time":3555.625,"message":"  apikey: eyJhbGciOiJIUzI1NiIsInR5cCI6IkpXVCJ9.eyJpc3MiOiJzdXBhYmFzZS1kZW1vIiwicm9sZSI6InNlcnZpY2Vfcm9sZSIsImV4cCI6MTk4MzgxMjk5Nn0.EGIM96RAZx35lJzdJsyH-qQwv8Hdp7fsn3W0YpN81IU"}
{"type":"log","callId":"call@97","time":3555.626,"message":"  authorization: Bearer eyJhbGciOiJIUzI1NiIsInR5cCI6IkpXVCJ9.eyJpc3MiOiJzdXBhYmFzZS1kZW1vIiwicm9sZSI6InNlcnZpY2Vfcm9sZSIsImV4cCI6MTk4MzgxMjk5Nn0.EGIM96RAZx35lJzdJsyH-qQwv8Hdp7fsn3W0YpN81IU"}
{"type":"log","callId":"call@97","time":3555.627,"message":"  prefer: return=representation"}
{"type":"log","callId":"call@97","time":3555.628,"message":"  content-type: application/json"}
{"type":"log","callId":"call@97","time":3555.629,"message":"  content-length: 205"}
{"type":"log","callId":"call@97","time":3561.92,"message":"← 201 Created"}
{"type":"log","callId":"call@97","time":3561.925,"message":"  content-type: application/json; charset=utf-8"}
{"type":"log","callId":"call@97","time":3561.927,"message":"  content-length: 383"}
{"type":"log","callId":"call@97","time":3561.928,"message":"  connection: keep-alive"}
{"type":"log","callId":"call@97","time":3561.931,"message":"  date: Thu, 08 Oct 2026 12:36:41 GMT"}
{"type":"log","callId":"call@97","time":3561.932,"message":"  server: postgrest/14.18"}
{"type":"log","callId":"call@97","time":3561.933,"message":"  content-range: */*"}
{"type":"log","callId":"call@97","time":3561.934,"message":"  preference-applied: return=representation"}
{"type":"log","callId":"call@97","time":3561.935,"message":"  content-profile: public"}
{"type":"log","callId":"call@97","time":3561.936,"message":"  access-control-allow-origin: *"}
{"type":"log","callId":"call@97","time":3561.937,"message":"  x-kong-upstream-latency: 5"}
{"type":"log","callId":"call@97","time":3561.939,"message":"  x-kong-proxy-latency: 0"}
{"type":"log","callId":"call@97","time":3561.94,"message":"  via: kong/2.8.1"}
{"type":"after","callId":"call@97","endTime":3562.022,"result":{"response":{"url":"http://127.0.0.1:54321/rest/v1/service_staff","status":201,"statusText":"Created","headers":[{"name":"Content-Type","value":"application/json; charset=utf-8"},{"name":"Content-Length","value":"383"},{"name":"Connection","value":"keep-alive"},{"name":"Date","value":"Thu, 08 Oct 2026 12:36:41 GMT"},{"name":"Server","value":"postgrest/14.18"},{"name":"Content-Range","value":"*/*"},{"name":"Preference-Applied","value":"return=representation"},{"name":"Content-Profile","value":"public"},{"name":"Access-Control-Allow-Origin","value":"*"},{"name":"X-Kong-Upstream-Latency","value":"5"},{"name":"X-Kong-Proxy-Latency","value":"0"},{"name":"Via","value":"kong/2.8.1"}],"serverAddr":{"ipAddress":"127.0.0.1","port":54321},"timing":{"startTime":1791463001947,"domainLookupStart":-1,"domainLookupEnd":-1,"connectStart":-1,"secureConnectionStart":-1,"connectEnd":-1,"requestStart":0.17000000000007276,"responseStart":6.0779999999999745},"responseEndTiming":6.242000000000189,"fetchUid":"b680666af59e330b9f0a226015dd6f18"}}}
{"type":"before","callId":"call@101","startTime":3564.887,"class":"APIRequestContext","method":"fetch","params":{"url":"http://127.0.0.1:54321/rest/v1/shifts","method":"POST","headers":[{"name":"apikey","value":"eyJhbGciOiJIUzI1NiIsInR5cCI6IkpXVCJ9.eyJpc3MiOiJzdXBhYmFzZS1kZW1vIiwicm9sZSI6InNlcnZpY2Vfcm9sZSIsImV4cCI6MTk4MzgxMjk5Nn0.EGIM96RAZx35lJzdJsyH-qQwv8Hdp7fsn3W0YpN81IU"},{"name":"authorization","value":"Bearer eyJhbGciOiJIUzI1NiIsInR5cCI6IkpXVCJ9.eyJpc3MiOiJzdXBhYmFzZS1kZW1vIiwicm9sZSI6InNlcnZpY2Vfcm9sZSIsImV4cCI6MTk4MzgxMjk5Nn0.EGIM96RAZx35lJzdJsyH-qQwv8Hdp7fsn3W0YpN81IU"},{"name":"prefer","value":"return=representation"}],"jsonData":"{\"tenant_id\":\"2cd70fa8-9e06-4bfc-994f-b322f8996fb2\",\"staff_id\":\"a6ce7ce1-088d-4e00-b88b-56837d6dd655\",\"branch_id\":\"b3fda257-f316-4211-84c8-821bb30edfe7\",\"starts_at\":\"2026-10-08T00:00:00+03:00\",\"ends_at\":\"2026-10-08T23:59:00+03:00\"}"},"stepId":"pw:api@85"}
{"type":"log","callId":"call@101","time":3565.172,"message":"→ POST http://127.0.0.1:54321/rest/v1/shifts"}
{"type":"log","callId":"call@101","time":3565.177,"message":"  user-agent: Mozilla/5.0 (Windows NT 10.0; Win64; x64) AppleWebKit/537.36 (KHTML, like Gecko) Chrome/153.0.8010.12 Safari/537.36"}
{"type":"log","callId":"call@101","time":3565.179,"message":"  accept: */*"}
{"type":"log","callId":"call@101","time":3565.18,"message":"  accept-encoding: gzip,deflate,br"}
{"type":"log","callId":"call@101","time":3565.181,"message":"  apikey: eyJhbGciOiJIUzI1NiIsInR5cCI6IkpXVCJ9.eyJpc3MiOiJzdXBhYmFzZS1kZW1vIiwicm9sZSI6InNlcnZpY2Vfcm9sZSIsImV4cCI6MTk4MzgxMjk5Nn0.EGIM96RAZx35lJzdJsyH-qQwv8Hdp7fsn3W0YpN81IU"}
{"type":"log","callId":"call@101","time":3565.182,"message":"  authorization: Bearer eyJhbGciOiJIUzI1NiIsInR5cCI6IkpXVCJ9.eyJpc3MiOiJzdXBhYmFzZS1kZW1vIiwicm9sZSI6InNlcnZpY2Vfcm9sZSIsImV4cCI6MTk4MzgxMjk5Nn0.EGIM96RAZx35lJzdJsyH-qQwv8Hdp7fsn3W0YpN81IU"}
{"type":"log","callId":"call@101","time":3565.184,"message":"  prefer: return=representation"}
{"type":"log","callId":"call@101","time":3565.185,"message":"  content-type: application/json"}
{"type":"log","callId":"call@101","time":3565.186,"message":"  content-length: 231"}
{"type":"log","callId":"call@101","time":3579.194,"message":"← 201 Created"}
{"type":"log","callId":"call@101","time":3579.199,"message":"  content-type: application/json; charset=utf-8"}
{"type":"log","callId":"call@101","time":3579.201,"message":"  content-length: 409"}
{"type":"log","callId":"call@101","time":3579.202,"message":"  connection: keep-alive"}
{"type":"log","callId":"call@101","time":3579.203,"message":"  date: Thu, 08 Oct 2026 12:36:41 GMT"}
{"type":"log","callId":"call@101","time":3579.204,"message":"  server: postgrest/14.18"}
{"type":"log","callId":"call@101","time":3579.205,"message":"  content-range: */*"}
{"type":"log","callId":"call@101","time":3579.206,"message":"  preference-applied: return=representation"}
{"type":"log","callId":"call@101","time":3579.208,"message":"  content-profile: public"}
{"type":"log","callId":"call@101","time":3579.21,"message":"  access-control-allow-origin: *"}
{"type":"log","callId":"call@101","time":3579.211,"message":"  x-kong-upstream-latency: 11"}
{"type":"log","callId":"call@101","time":3579.212,"message":"  x-kong-proxy-latency: 1"}
{"type":"log","callId":"call@101","time":3579.213,"message":"  via: kong/2.8.1"}
{"type":"after","callId":"call@101","endTime":3579.269,"result":{"response":{"url":"http://127.0.0.1:54321/rest/v1/shifts","status":201,"statusText":"Created","headers":[{"name":"Content-Type","value":"application/json; charset=utf-8"},{"name":"Content-Length","value":"409"},{"name":"Connection","value":"keep-alive"},{"name":"Date","value":"Thu, 08 Oct 2026 12:36:41 GMT"},{"name":"Server","value":"postgrest/14.18"},{"name":"Content-Range","value":"*/*"},{"name":"Preference-Applied","value":"return=representation"},{"name":"Content-Profile","value":"public"},{"name":"Access-Control-Allow-Origin","value":"*"},{"name":"X-Kong-Upstream-Latency","value":"11"},{"name":"X-Kong-Proxy-Latency","value":"1"},{"name":"Via","value":"kong/2.8.1"}],"serverAddr":{"ipAddress":"127.0.0.1","port":54321},"timing":{"startTime":1791463001956,"domainLookupStart":-1,"domainLookupEnd":-1,"connectStart":-1,"secureConnectionStart":-1,"connectEnd":-1,"requestStart":0.16899999999986903,"responseStart":13.855999999999767},"responseEndTiming":13.989999999999782,"fetchUid":"631ce7b0468c8e6d728fc94a07f1b3cd"}}}
{"type":"before","callId":"call@105","startTime":3581.343,"class":"APIRequestContext","method":"fetch","params":{"url":"http://127.0.0.1:54321/rest/v1/shifts","method":"POST","headers":[{"name":"apikey","value":"eyJhbGciOiJIUzI1NiIsInR5cCI6IkpXVCJ9.eyJpc3MiOiJzdXBhYmFzZS1kZW1vIiwicm9sZSI6InNlcnZpY2Vfcm9sZSIsImV4cCI6MTk4MzgxMjk5Nn0.EGIM96RAZx35lJzdJsyH-qQwv8Hdp7fsn3W0YpN81IU"},{"name":"authorization","value":"Bearer eyJhbGciOiJIUzI1NiIsInR5cCI6IkpXVCJ9.eyJpc3MiOiJzdXBhYmFzZS1kZW1vIiwicm9sZSI6InNlcnZpY2Vfcm9sZSIsImV4cCI6MTk4MzgxMjk5Nn0.EGIM96RAZx35lJzdJsyH-qQwv8Hdp7fsn3W0YpN81IU"},{"name":"prefer","value":"return=representation"}],"jsonData":"{\"tenant_id\":\"2cd70fa8-9e06-4bfc-994f-b322f8996fb2\",\"staff_id\":\"03d9c410-deee-4511-88ee-be7a39950493\",\"branch_id\":\"b3fda257-f316-4211-84c8-821bb30edfe7\",\"starts_at\":\"2026-10-08T00:00:00+03:00\",\"ends_at\":\"2026-10-08T23:59:00+03:00\"}"},"stepId":"pw:api@87"}
{"type":"log","callId":"call@105","time":3581.676,"message":"→ POST http://127.0.0.1:54321/rest/v1/shifts"}
{"type":"log","callId":"call@105","time":3581.685,"message":"  user-agent: Mozilla/5.0 (Windows NT 10.0; Win64; x64) AppleWebKit/537.36 (KHTML, like Gecko) Chrome/153.0.8010.12 Safari/537.36"}
{"type":"log","callId":"call@105","time":3581.687,"message":"  accept: */*"}
{"type":"log","callId":"call@105","time":3581.688,"message":"  accept-encoding: gzip,deflate,br"}
{"type":"log","callId":"call@105","time":3581.69,"message":"  apikey: eyJhbGciOiJIUzI1NiIsInR5cCI6IkpXVCJ9.eyJpc3MiOiJzdXBhYmFzZS1kZW1vIiwicm9sZSI6InNlcnZpY2Vfcm9sZSIsImV4cCI6MTk4MzgxMjk5Nn0.EGIM96RAZx35lJzdJsyH-qQwv8Hdp7fsn3W0YpN81IU"}
{"type":"log","callId":"call@105","time":3581.691,"message":"  authorization: Bearer eyJhbGciOiJIUzI1NiIsInR5cCI6IkpXVCJ9.eyJpc3MiOiJzdXBhYmFzZS1kZW1vIiwicm9sZSI6InNlcnZpY2Vfcm9sZSIsImV4cCI6MTk4MzgxMjk5Nn0.EGIM96RAZx35lJzdJsyH-qQwv8Hdp7fsn3W0YpN81IU"}
{"type":"log","callId":"call@105","time":3581.692,"message":"  prefer: return=representation"}
{"type":"log","callId":"call@105","time":3581.694,"message":"  content-type: application/json"}
{"type":"log","callId":"call@105","time":3581.709,"message":"  content-length: 231"}
{"type":"log","callId":"call@105","time":3598.205,"message":"← 201 Created"}
{"type":"log","callId":"call@105","time":3598.209,"message":"  content-type: application/json; charset=utf-8"}
{"type":"log","callId":"call@105","time":3598.211,"message":"  content-length: 407"}
{"type":"log","callId":"call@105","time":3598.212,"message":"  connection: keep-alive"}
{"type":"log","callId":"call@105","time":3598.213,"message":"  date: Thu, 08 Oct 2026 12:36:41 GMT"}
{"type":"log","callId":"call@105","time":3598.215,"message":"  server: postgrest/14.18"}
{"type":"log","callId":"call@105","time":3598.216,"message":"  content-range: */*"}
{"type":"log","callId":"call@105","time":3598.217,"message":"  preference-applied: return=representation"}
{"type":"log","callId":"call@105","time":3598.218,"message":"  content-profile: public"}
{"type":"log","callId":"call@105","time":3598.219,"message":"  access-control-allow-origin: *"}
{"type":"log","callId":"call@105","time":3598.22,"message":"  x-kong-upstream-latency: 13"}
{"type":"log","callId":"call@105","time":3598.221,"message":"  x-kong-proxy-latency: 0"}
{"type":"log","callId":"call@105","time":3598.224,"message":"  via: kong/2.8.1"}
{"type":"after","callId":"call@105","endTime":3598.277,"result":{"response":{"url":"http://127.0.0.1:54321/rest/v1/shifts","status":201,"statusText":"Created","headers":[{"name":"Content-Type","value":"application/json; charset=utf-8"},{"name":"Content-Length","value":"407"},{"name":"Connection","value":"keep-alive"},{"name":"Date","value":"Thu, 08 Oct 2026 12:36:41 GMT"},{"name":"Server","value":"postgrest/14.18"},{"name":"Content-Range","value":"*/*"},{"name":"Preference-Applied","value":"return=representation"},{"name":"Content-Profile","value":"public"},{"name":"Access-Control-Allow-Origin","value":"*"},{"name":"X-Kong-Upstream-Latency","value":"13"},{"name":"X-Kong-Proxy-Latency","value":"0"},{"name":"Via","value":"kong/2.8.1"}],"serverAddr":{"ipAddress":"127.0.0.1","port":54321},"timing":{"startTime":1791463001973,"domainLookupStart":-1,"domainLookupEnd":-1,"connectStart":-1,"secureConnectionStart":-1,"connectEnd":-1,"requestStart":0.17799999999988358,"responseStart":16.289000000000215},"responseEndTiming":16.483000000000175,"fetchUid":"5db259f8041df3149470ffc6e1ad3482"}}}
{"type":"before","callId":"call@109","startTime":3601.23,"class":"APIRequestContext","method":"fetch","params":{"url":"http://127.0.0.1:54321/rest/v1/shifts","method":"POST","headers":[{"name":"apikey","value":"eyJhbGciOiJIUzI1NiIsInR5cCI6IkpXVCJ9.eyJpc3MiOiJzdXBhYmFzZS1kZW1vIiwicm9sZSI6InNlcnZpY2Vfcm9sZSIsImV4cCI6MTk4MzgxMjk5Nn0.EGIM96RAZx35lJzdJsyH-qQwv8Hdp7fsn3W0YpN81IU"},{"name":"authorization","value":"Bearer eyJhbGciOiJIUzI1NiIsInR5cCI6IkpXVCJ9.eyJpc3MiOiJzdXBhYmFzZS1kZW1vIiwicm9sZSI6InNlcnZpY2Vfcm9sZSIsImV4cCI6MTk4MzgxMjk5Nn0.EGIM96RAZx35lJzdJsyH-qQwv8Hdp7fsn3W0YpN81IU"},{"name":"prefer","value":"return=representation"}],"jsonData":"{\"tenant_id\":\"2cd70fa8-9e06-4bfc-994f-b322f8996fb2\",\"staff_id\":\"708539f6-b67a-4b8c-a4f1-1f346f980722\",\"branch_id\":\"90d6ec6d-7dd4-431d-9c39-6b3c0fe651c7\",\"starts_at\":\"2026-10-08T00:00:00+03:00\",\"ends_at\":\"2026-10-08T23:59:00+03:00\"}"},"stepId":"pw:api@89"}
{"type":"log","callId":"call@109","time":3601.583,"message":"→ POST http://127.0.0.1:54321/rest/v1/shifts"}
{"type":"log","callId":"call@109","time":3601.589,"message":"  user-agent: Mozilla/5.0 (Windows NT 10.0; Win64; x64) AppleWebKit/537.36 (KHTML, like Gecko) Chrome/153.0.8010.12 Safari/537.36"}
{"type":"log","callId":"call@109","time":3601.591,"message":"  accept: */*"}
{"type":"log","callId":"call@109","time":3601.592,"message":"  accept-encoding: gzip,deflate,br"}
{"type":"log","callId":"call@109","time":3601.593,"message":"  apikey: eyJhbGciOiJIUzI1NiIsInR5cCI6IkpXVCJ9.eyJpc3MiOiJzdXBhYmFzZS1kZW1vIiwicm9sZSI6InNlcnZpY2Vfcm9sZSIsImV4cCI6MTk4MzgxMjk5Nn0.EGIM96RAZx35lJzdJsyH-qQwv8Hdp7fsn3W0YpN81IU"}
{"type":"log","callId":"call@109","time":3601.594,"message":"  authorization: Bearer eyJhbGciOiJIUzI1NiIsInR5cCI6IkpXVCJ9.eyJpc3MiOiJzdXBhYmFzZS1kZW1vIiwicm9sZSI6InNlcnZpY2Vfcm9sZSIsImV4cCI6MTk4MzgxMjk5Nn0.EGIM96RAZx35lJzdJsyH-qQwv8Hdp7fsn3W0YpN81IU"}
{"type":"log","callId":"call@109","time":3601.595,"message":"  prefer: return=representation"}
{"type":"log","callId":"call@109","time":3601.596,"message":"  content-type: application/json"}
{"type":"log","callId":"call@109","time":3601.66,"message":"  content-length: 231"}
{"type":"log","callId":"call@109","time":3610.525,"message":"← 201 Created"}
{"type":"log","callId":"call@109","time":3610.531,"message":"  content-type: application/json; charset=utf-8"}
{"type":"log","callId":"call@109","time":3610.532,"message":"  content-length: 409"}
{"type":"log","callId":"call@109","time":3610.536,"message":"  connection: keep-alive"}
{"type":"log","callId":"call@109","time":3610.537,"message":"  date: Thu, 08 Oct 2026 12:36:41 GMT"}
{"type":"log","callId":"call@109","time":3610.538,"message":"  server: postgrest/14.18"}
{"type":"log","callId":"call@109","time":3610.539,"message":"  content-range: */*"}
{"type":"log","callId":"call@109","time":3610.54,"message":"  preference-applied: return=representation"}
{"type":"log","callId":"call@109","time":3610.541,"message":"  content-profile: public"}
{"type":"log","callId":"call@109","time":3610.551,"message":"  access-control-allow-origin: *"}
{"type":"log","callId":"call@109","time":3610.555,"message":"  x-kong-upstream-latency: 6"}
{"type":"log","callId":"call@109","time":3610.556,"message":"  x-kong-proxy-latency: 0"}
{"type":"log","callId":"call@109","time":3610.557,"message":"  via: kong/2.8.1"}
{"type":"after","callId":"call@109","endTime":3610.613,"result":{"response":{"url":"http://127.0.0.1:54321/rest/v1/shifts","status":201,"statusText":"Created","headers":[{"name":"Content-Type","value":"application/json; charset=utf-8"},{"name":"Content-Length","value":"409"},{"name":"Connection","value":"keep-alive"},{"name":"Date","value":"Thu, 08 Oct 2026 12:36:41 GMT"},{"name":"Server","value":"postgrest/14.18"},{"name":"Content-Range","value":"*/*"},{"name":"Preference-Applied","value":"return=representation"},{"name":"Content-Profile","value":"public"},{"name":"Access-Control-Allow-Origin","value":"*"},{"name":"X-Kong-Upstream-Latency","value":"6"},{"name":"X-Kong-Proxy-Latency","value":"0"},{"name":"Via","value":"kong/2.8.1"}],"serverAddr":{"ipAddress":"127.0.0.1","port":54321},"timing":{"startTime":1791463001993,"domainLookupStart":-1,"domainLookupEnd":-1,"connectStart":-1,"secureConnectionStart":-1,"connectEnd":-1,"requestStart":0.6340000000000146,"responseStart":8.722999999999956},"responseEndTiming":8.858000000000175,"fetchUid":"a0ea2acc19d982591a2f4c373c872fa1"}}}
{"type":"before","callId":"call@113","startTime":3612.775,"class":"APIRequestContext","method":"fetch","params":{"url":"http://127.0.0.1:54321/rest/v1/clients","method":"POST","headers":[{"name":"apikey","value":"eyJhbGciOiJIUzI1NiIsInR5cCI6IkpXVCJ9.eyJpc3MiOiJzdXBhYmFzZS1kZW1vIiwicm9sZSI6InNlcnZpY2Vfcm9sZSIsImV4cCI6MTk4MzgxMjk5Nn0.EGIM96RAZx35lJzdJsyH-qQwv8Hdp7fsn3W0YpN81IU"},{"name":"authorization","value":"Bearer eyJhbGciOiJIUzI1NiIsInR5cCI6IkpXVCJ9.eyJpc3MiOiJzdXBhYmFzZS1kZW1vIiwicm9sZSI6InNlcnZpY2Vfcm9sZSIsImV4cCI6MTk4MzgxMjk5Nn0.EGIM96RAZx35lJzdJsyH-qQwv8Hdp7fsn3W0YpN81IU"},{"name":"prefer","value":"return=representation"}],"jsonData":"{\"tenant_id\":\"2cd70fa8-9e06-4bfc-994f-b322f8996fb2\",\"first_name\":\"Noura\",\"last_name\":\"audit-owner-muzite90jo42\",\"first_name_alt\":\"نورة\",\"last_name_alt\":\"الصباح audit-owner-muzite90jo42\"}"},"stepId":"pw:api@91"}
{"type":"log","callId":"call@113","time":3613.16,"message":"→ POST http://127.0.0.1:54321/rest/v1/clients"}
{"type":"log","callId":"call@113","time":3613.166,"message":"  user-agent: Mozilla/5.0 (Windows NT 10.0; Win64; x64) AppleWebKit/537.36 (KHTML, like Gecko) Chrome/153.0.8010.12 Safari/537.36"}
{"type":"log","callId":"call@113","time":3613.167,"message":"  accept: */*"}
{"type":"log","callId":"call@113","time":3613.168,"message":"  accept-encoding: gzip,deflate,br"}
{"type":"log","callId":"call@113","time":3613.168,"message":"  apikey: eyJhbGciOiJIUzI1NiIsInR5cCI6IkpXVCJ9.eyJpc3MiOiJzdXBhYmFzZS1kZW1vIiwicm9sZSI6InNlcnZpY2Vfcm9sZSIsImV4cCI6MTk4MzgxMjk5Nn0.EGIM96RAZx35lJzdJsyH-qQwv8Hdp7fsn3W0YpN81IU"}
{"type":"log","callId":"call@113","time":3613.171,"message":"  authorization: Bearer eyJhbGciOiJIUzI1NiIsInR5cCI6IkpXVCJ9.eyJpc3MiOiJzdXBhYmFzZS1kZW1vIiwicm9sZSI6InNlcnZpY2Vfcm9sZSIsImV4cCI6MTk4MzgxMjk5Nn0.EGIM96RAZx35lJzdJsyH-qQwv8Hdp7fsn3W0YpN81IU"}
{"type":"log","callId":"call@113","time":3613.172,"message":"  prefer: return=representation"}
{"type":"log","callId":"call@113","time":3613.173,"message":"  content-type: application/json"}
{"type":"log","callId":"call@113","time":3613.174,"message":"  content-length: 196"}
{"type":"log","callId":"call@113","time":3625.503,"message":"← 201 Created"}
{"type":"log","callId":"call@113","time":3625.508,"message":"  content-type: application/json; charset=utf-8"}
{"type":"log","callId":"call@113","time":3625.509,"message":"  content-length: 758"}
{"type":"log","callId":"call@113","time":3625.51,"message":"  connection: keep-alive"}
{"type":"log","callId":"call@113","time":3625.511,"message":"  date: Thu, 08 Oct 2026 12:36:41 GMT"}
{"type":"log","callId":"call@113","time":3625.512,"message":"  server: postgrest/14.18"}
{"type":"log","callId":"call@113","time":3625.513,"message":"  content-range: */*"}
{"type":"log","callId":"call@113","time":3625.516,"message":"  preference-applied: return=representation"}
{"type":"log","callId":"call@113","time":3625.517,"message":"  content-profile: public"}
{"type":"log","callId":"call@113","time":3625.518,"message":"  access-control-allow-origin: *"}
{"type":"log","callId":"call@113","time":3625.519,"message":"  x-kong-upstream-latency: 10"}
{"type":"log","callId":"call@113","time":3625.52,"message":"  x-kong-proxy-latency: 0"}
{"type":"log","callId":"call@113","time":3625.52,"message":"  via: kong/2.8.1"}
{"type":"after","callId":"call@113","endTime":3625.621,"result":{"response":{"url":"http://127.0.0.1:54321/rest/v1/clients","status":201,"statusText":"Created","headers":[{"name":"Content-Type","value":"application/json; charset=utf-8"},{"name":"Content-Length","value":"758"},{"name":"Connection","value":"keep-alive"},{"name":"Date","value":"Thu, 08 Oct 2026 12:36:41 GMT"},{"name":"Server","value":"postgrest/14.18"},{"name":"Content-Range","value":"*/*"},{"name":"Preference-Applied","value":"return=representation"},{"name":"Content-Profile","value":"public"},{"name":"Access-Control-Allow-Origin","value":"*"},{"name":"X-Kong-Upstream-Latency","value":"10"},{"name":"X-Kong-Proxy-Latency","value":"0"},{"name":"Via","value":"kong/2.8.1"}],"serverAddr":{"ipAddress":"127.0.0.1","port":54321},"timing":{"startTime":1791463002004,"domainLookupStart":-1,"domainLookupEnd":-1,"connectStart":-1,"secureConnectionStart":-1,"connectEnd":-1,"requestStart":0.28099999999994907,"responseStart":12.278999999999996},"responseEndTiming":12.407000000000153,"fetchUid":"b381afb18c4dc98b97c1ae1be7820f2b"}}}
{"type":"before","callId":"call@117","startTime":3633.296,"class":"APIRequestContext","method":"fetch","params":{"url":"http://127.0.0.1:54321/rest/v1/cancellation_reasons?tenant_id=eq.2cd70fa8-9e06-4bfc-994f-b322f8996fb2&is_active=is.true&select=id&limit=1","method":"GET","headers":[{"name":"apikey","value":"eyJhbGciOiJIUzI1NiIsInR5cCI6IkpXVCJ9.eyJpc3MiOiJzdXBhYmFzZS1kZW1vIiwicm9sZSI6InNlcnZpY2Vfcm9sZSIsImV4cCI6MTk4MzgxMjk5Nn0.EGIM96RAZx35lJzdJsyH-qQwv8Hdp7fsn3W0YpN81IU"},{"name":"authorization","value":"Bearer eyJhbGciOiJIUzI1NiIsInR5cCI6IkpXVCJ9.eyJpc3MiOiJzdXBhYmFzZS1kZW1vIiwicm9sZSI6InNlcnZpY2Vfcm9sZSIsImV4cCI6MTk4MzgxMjk5Nn0.EGIM96RAZx35lJzdJsyH-qQwv8Hdp7fsn3W0YpN81IU"},{"name":"prefer","value":"return=representation"}]},"stepId":"pw:api@93"}
{"type":"log","callId":"call@117","time":3634.811,"message":"→ GET http://127.0.0.1:54321/rest/v1/cancellation_reasons?tenant_id=eq.2cd70fa8-9e06-4bfc-994f-b322f8996fb2&is_active=is.true&select=id&limit=1"}
{"type":"log","callId":"call@117","time":3635.052,"message":"  user-agent: Mozilla/5.0 (Windows NT 10.0; Win64; x64) AppleWebKit/537.36 (KHTML, like Gecko) Chrome/153.0.8010.12 Safari/537.36"}
{"type":"log","callId":"call@117","time":3635.091,"message":"  accept: */*"}
{"type":"log","callId":"call@117","time":3635.143,"message":"  accept-encoding: gzip,deflate,br"}
{"type":"log","callId":"call@117","time":3635.161,"message":"  apikey: eyJhbGciOiJIUzI1NiIsInR5cCI6IkpXVCJ9.eyJpc3MiOiJzdXBhYmFzZS1kZW1vIiwicm9sZSI6InNlcnZpY2Vfcm9sZSIsImV4cCI6MTk4MzgxMjk5Nn0.EGIM96RAZx35lJzdJsyH-qQwv8Hdp7fsn3W0YpN81IU"}
{"type":"log","callId":"call@117","time":3635.175,"message":"  authorization: Bearer eyJhbGciOiJIUzI1NiIsInR5cCI6IkpXVCJ9.eyJpc3MiOiJzdXBhYmFzZS1kZW1vIiwicm9sZSI6InNlcnZpY2Vfcm9sZSIsImV4cCI6MTk4MzgxMjk5Nn0.EGIM96RAZx35lJzdJsyH-qQwv8Hdp7fsn3W0YpN81IU"}
{"type":"log","callId":"call@117","time":3635.177,"message":"  prefer: return=representation"}
{"type":"log","callId":"call@117","time":3644.318,"message":"← 200 OK"}
{"type":"log","callId":"call@117","time":3644.322,"message":"  content-type: application/json; charset=utf-8"}
{"type":"log","callId":"call@117","time":3644.324,"message":"  content-length: 47"}
{"type":"log","callId":"call@117","time":3644.325,"message":"  connection: keep-alive"}
{"type":"log","callId":"call@117","time":3644.325,"message":"  date: Thu, 08 Oct 2026 12:36:41 GMT"}
{"type":"log","callId":"call@117","time":3644.326,"message":"  server: postgrest/14.18"}
{"type":"log","callId":"call@117","time":3644.327,"message":"  content-range: 0-0/*"}
{"type":"log","callId":"call@117","time":3644.328,"message":"  content-location: /cancellation_reasons?is_active=is.true&limit=1&select=id&tenant_id=eq.2cd70fa8-9e06-4bfc-994f-b322f8996fb2"}
{"type":"log","callId":"call@117","time":3644.33,"message":"  content-profile: public"}
{"type":"log","callId":"call@117","time":3644.332,"message":"  access-control-allow-origin: *"}
{"type":"log","callId":"call@117","time":3644.332,"message":"  x-kong-upstream-latency: 7"}
{"type":"log","callId":"call@117","time":3644.333,"message":"  x-kong-proxy-latency: 0"}
{"type":"log","callId":"call@117","time":3644.334,"message":"  via: kong/2.8.1"}
{"type":"after","callId":"call@117","endTime":3644.393,"result":{"response":{"url":"http://127.0.0.1:54321/rest/v1/cancellation_reasons?tenant_id=eq.2cd70fa8-9e06-4bfc-994f-b322f8996fb2&is_active=is.true&select=id&limit=1","status":200,"statusText":"OK","headers":[{"name":"Content-Type","value":"application/json; charset=utf-8"},{"name":"Content-Length","value":"47"},{"name":"Connection","value":"keep-alive"},{"name":"Date","value":"Thu, 08 Oct 2026 12:36:41 GMT"},{"name":"Server","value":"postgrest/14.18"},{"name":"Content-Range","value":"0-0/*"},{"name":"Content-Location","value":"/cancellation_reasons?is_active=is.true&limit=1&select=id&tenant_id=eq.2cd70fa8-9e06-4bfc-994f-b322f8996fb2"},{"name":"Content-Profile","value":"public"},{"name":"Access-Control-Allow-Origin","value":"*"},{"name":"X-Kong-Upstream-Latency","value":"7"},{"name":"X-Kong-Proxy-Latency","value":"0"},{"name":"Via","value":"kong/2.8.1"}],"serverAddr":{"ipAddress":"127.0.0.1","port":54321},"timing":{"startTime":1791463002025,"domainLookupStart":-1,"domainLookupEnd":-1,"connectStart":-1,"secureConnectionStart":-1,"connectEnd":-1,"requestStart":1.5400000000004184,"responseStart":10.361000000000331},"responseEndTiming":10.485000000000127,"fetchUid":"39a56947b21b35478efd56028434d169"}}}
{"type":"before","callId":"call@121","startTime":3651.42,"class":"APIRequestContext","method":"fetch","params":{"url":"http://127.0.0.1:54321/auth/v1/token?grant_type=password","method":"POST","headers":[{"name":"apikey","value":"eyJhbGciOiJIUzI1NiIsInR5cCI6IkpXVCJ9.eyJpc3MiOiJzdXBhYmFzZS1kZW1vIiwicm9sZSI6ImFub24iLCJleHAiOjE5ODM4MTI5OTZ9.CRXP1A7WOeoJeXxjNni43kdQwgnWNReilDMblYTn_I0"}],"jsonData":"{\"email\":\"owner-audit-owner-muzite90jo42@checkout.test\",\"password\":\"password123\"}"},"stepId":"pw:api@95"}
{"type":"log","callId":"call@121","time":3651.815,"message":"→ POST http://127.0.0.1:54321/auth/v1/token?grant_type=password"}
{"type":"log","callId":"call@121","time":3651.821,"message":"  user-agent: Mozilla/5.0 (Windows NT 10.0; Win64; x64) AppleWebKit/537.36 (KHTML, like Gecko) Chrome/153.0.8010.12 Safari/537.36"}
{"type":"log","callId":"call@121","time":3651.823,"message":"  accept: */*"}
{"type":"log","callId":"call@121","time":3651.826,"message":"  accept-encoding: gzip,deflate,br"}
{"type":"log","callId":"call@121","time":3651.827,"message":"  apikey: eyJhbGciOiJIUzI1NiIsInR5cCI6IkpXVCJ9.eyJpc3MiOiJzdXBhYmFzZS1kZW1vIiwicm9sZSI6ImFub24iLCJleHAiOjE5ODM4MTI5OTZ9.CRXP1A7WOeoJeXxjNni43kdQwgnWNReilDMblYTn_I0"}
{"type":"log","callId":"call@121","time":3651.828,"message":"  content-type: application/json"}
{"type":"log","callId":"call@121","time":3651.829,"message":"  content-length: 81"}
{"type":"log","callId":"call@121","time":3795.851,"message":"← 200 OK"}
{"type":"log","callId":"call@121","time":3795.857,"message":"  content-type: application/json"}
{"type":"log","callId":"call@121","time":3795.859,"message":"  content-length: 1992"}
{"type":"log","callId":"call@121","time":3795.861,"message":"  connection: keep-alive"}
{"type":"log","callId":"call@121","time":3795.861,"message":"  sb-auth-refresh-token-prefix: r75jp"}
{"type":"log","callId":"call@121","time":3795.862,"message":"  sb-auth-session-id: 9d3ef5f6-1a48-4f34-8236-c82bf6a7a51d"}
{"type":"log","callId":"call@121","time":3795.863,"message":"  sb-auth-user-id: 6f759b7b-7c4b-4875-9113-41573125c721"}
{"type":"log","callId":"call@121","time":3795.864,"message":"  vary: Origin"}
{"type":"log","callId":"call@121","time":3795.866,"message":"  date: Thu, 08 Oct 2026 12:36:42 GMT"}
{"type":"log","callId":"call@121","time":3795.867,"message":"  access-control-allow-origin: *"}
{"type":"log","callId":"call@121","time":3795.868,"message":"  x-kong-upstream-latency: 143"}
{"type":"log","callId":"call@121","time":3795.869,"message":"  x-kong-proxy-latency: 0"}
{"type":"log","callId":"call@121","time":3795.87,"message":"  via: kong/2.8.1"}
{"type":"after","callId":"call@121","endTime":3796.044,"result":{"response":{"url":"http://127.0.0.1:54321/auth/v1/token?grant_type=password","status":200,"statusText":"OK","headers":[{"name":"Content-Type","value":"application/json"},{"name":"Content-Length","value":"1992"},{"name":"Connection","value":"keep-alive"},{"name":"Sb-Auth-Refresh-Token-Prefix","value":"r75jp"},{"name":"Sb-Auth-Session-Id","value":"9d3ef5f6-1a48-4f34-8236-c82bf6a7a51d"},{"name":"Sb-Auth-User-Id","value":"6f759b7b-7c4b-4875-9113-41573125c721"},{"name":"Vary","value":"Origin"},{"name":"Date","value":"Thu, 08 Oct 2026 12:36:42 GMT"},{"name":"Access-Control-Allow-Origin","value":"*"},{"name":"X-Kong-Upstream-Latency","value":"143"},{"name":"X-Kong-Proxy-Latency","value":"0"},{"name":"Via","value":"kong/2.8.1"}],"serverAddr":{"ipAddress":"127.0.0.1","port":54321},"timing":{"startTime":1791463002043,"domainLookupStart":-1,"domainLookupEnd":-1,"connectStart":-1,"secureConnectionStart":-1,"connectEnd":-1,"requestStart":0.18899999999985084,"responseStart":143.39100000000008},"responseEndTiming":143.79500000000007,"fetchUid":"5ae497028a870ddab9741356e3dbf114"}}}
{"type":"before","callId":"call@125","startTime":3799.203,"class":"APIRequestContext","method":"fetch","params":{"url":"http://127.0.0.1:54321/functions/v1/bookings/create","method":"POST","headers":[{"name":"apikey","value":"eyJhbGciOiJIUzI1NiIsInR5cCI6IkpXVCJ9.eyJpc3MiOiJzdXBhYmFzZS1kZW1vIiwicm9sZSI6ImFub24iLCJleHAiOjE5ODM4MTI5OTZ9.CRXP1A7WOeoJeXxjNni43kdQwgnWNReilDMblYTn_I0"},{"name":"authorization","value":"Bearer eyJhbGciOiJFUzI1NiIsImtpZCI6ImI4MTI2OWYxLTIxZDgtNGYyZS1iNzE5LWMyMjQwYTg0MGQ5MCIsInR5cCI6IkpXVCJ9.eyJpc3MiOiJodHRwOi8vMTI3LjAuMC4xOjU0MzIxL2F1dGgvdjEiLCJzdWIiOiI2Zjc1OWI3Yi03YzRiLTQ4NzUtOTExMy00MTU3MzEyNWM3MjEiLCJhdWQiOiJhdXRoZW50aWNhdGVkIiwiZXhwIjoxNzkxNDY2NjAyLCJpYXQiOjE3OTE0NjMwMDIsImVtYWlsIjoib3duZXItYXVkaXQtb3duZXItbXV6aXRlOTBqbzQyQGNoZWNrb3V0LnRlc3QiLCJwaG9uZSI6IiIsImFwcF9tZXRhZGF0YSI6eyJwcm92aWRlciI6ImVtYWlsIiwicHJvdmlkZXJzIjpbImVtYWlsIl19LCJ1c2VyX21ldGFkYXRhIjp7ImVtYWlsX3ZlcmlmaWVkIjp0cnVlfSwicm9sZSI6ImF1dGhlbnRpY2F0ZWQiLCJhYWwiOiJhYWwxIiwiYW1yIjpbeyJtZXRob2QiOiJwYXNzd29yZCIsInRpbWVzdGFtcCI6MTc5MTQ2MzAwMn1dLCJzZXNzaW9uX2lkIjoiOWQzZWY1ZjYtMWE0OC00ZjM0LTgyMzYtYzgyYmY2YTdhNTFkIiwiaXNfYW5vbnltb3VzIjpmYWxzZX0.kWWyEQ0CP1fo8E6vVD6AuTnBuVAnyd4EMMBycdCLT10cIbpYa1WbtkD0bTVPu3OuP0GoHVtkOIZb_oAmdJ0zQw"},{"name":"idempotency-key","value":"df8bfdec-851b-4a7a-9283-b16c01a1edf2"}],"jsonData":"{\"tenant_id\":\"2cd70fa8-9e06-4bfc-994f-b322f8996fb2\",\"branch_id\":\"b3fda257-f316-4211-84c8-821bb30edfe7\",\"client_id\":\"276bfc69-190f-43b2-9ea9-dd9679d1a9db\",\"items\":[{\"service_id\":\"5f487cd4-63c4-4eea-b12f-462469a46e87\",\"staff_id\":\"03d9c410-deee-4511-88ee-be7a39950493\",\"starts_at\":\"2026-10-08T16:00:00+03:00\"}]}"},"stepId":"pw:api@97"}
{"type":"log","callId":"call@125","time":3799.656,"message":"→ POST http://127.0.0.1:54321/functions/v1/bookings/create"}
{"type":"log","callId":"call@125","time":3799.661,"message":"  user-agent: Mozilla/5.0 (Windows NT 10.0; Win64; x64) AppleWebKit/537.36 (KHTML, like Gecko) Chrome/153.0.8010.12 Safari/537.36"}
{"type":"log","callId":"call@125","time":3799.662,"message":"  accept: */*"}
{"type":"log","callId":"call@125","time":3799.663,"message":"  accept-encoding: gzip,deflate,br"}
{"type":"log","callId":"call@125","time":3799.664,"message":"  apikey: eyJhbGciOiJIUzI1NiIsInR5cCI6IkpXVCJ9.eyJpc3MiOiJzdXBhYmFzZS1kZW1vIiwicm9sZSI6ImFub24iLCJleHAiOjE5ODM4MTI5OTZ9.CRXP1A7WOeoJeXxjNni43kdQwgnWNReilDMblYTn_I0"}
{"type":"log","callId":"call@125","time":3799.665,"message":"  authorization: Bearer eyJhbGciOiJFUzI1NiIsImtpZCI6ImI4MTI2OWYxLTIxZDgtNGYyZS1iNzE5LWMyMjQwYTg0MGQ5MCIsInR5cCI6IkpXVCJ9.eyJpc3MiOiJodHRwOi8vMTI3LjAuMC4xOjU0MzIxL2F1dGgvdjEiLCJzdWIiOiI2Zjc1OWI3Yi03YzRiLTQ4NzUtOTExMy00MTU3MzEyNWM3MjEiLCJhdWQiOiJhdXRoZW50aWNhdGVkIiwiZXhwIjoxNzkxNDY2NjAyLCJpYXQiOjE3OTE0NjMwMDIsImVtYWlsIjoib3duZXItYXVkaXQtb3duZXItbXV6aXRlOTBqbzQyQGNoZWNrb3V0LnRlc3QiLCJwaG9uZSI6IiIsImFwcF9tZXRhZGF0YSI6eyJwcm92aWRlciI6ImVtYWlsIiwicHJvdmlkZXJzIjpbImVtYWlsIl19LCJ1c2VyX21ldGFkYXRhIjp7ImVtYWlsX3ZlcmlmaWVkIjp0cnVlfSwicm9sZSI6ImF1dGhlbnRpY2F0ZWQiLCJhYWwiOiJhYWwxIiwiYW1yIjpbeyJtZXRob2QiOiJwYXNzd29yZCIsInRpbWVzdGFtcCI6MTc5MTQ2MzAwMn1dLCJzZXNzaW9uX2lkIjoiOWQzZWY1ZjYtMWE0OC00ZjM0LTgyMzYtYzgyYmY2YTdhNTFkIiwiaXNfYW5vbnltb3VzIjpmYWxzZX0.kWWyEQ0CP1fo8E6vVD6AuTnBuVAnyd4EMMBycdCLT10cIbpYa1WbtkD0bTVPu3OuP0GoHVtkOIZb_oAmdJ0zQw"}
{"type":"log","callId":"call@125","time":3799.666,"message":"  idempotency-key: df8bfdec-851b-4a7a-9283-b16c01a1edf2"}
{"type":"log","callId":"call@125","time":3799.667,"message":"  content-type: application/json"}
{"type":"log","callId":"call@125","time":3799.668,"message":"  content-length: 308"}
{"type":"log","callId":"call@125","time":3910.023,"message":"← 201 Created"}
{"type":"log","callId":"call@125","time":3910.035,"message":"  content-type: application/json"}
{"type":"log","callId":"call@125","time":3910.039,"message":"  content-length: 555"}
{"type":"log","callId":"call@125","time":3910.04,"message":"  connection: keep-alive"}
{"type":"log","callId":"call@125","time":3910.041,"message":"  x-request-id: 66d9000a-b83e-4da7-be53-dc08567931d1"}
{"type":"log","callId":"call@125","time":3910.042,"message":"  vary: Accept-Encoding"}
{"type":"log","callId":"call@125","time":3910.043,"message":"  content-encoding: gzip"}
{"type":"log","callId":"call@125","time":3910.044,"message":"  date: Thu, 08 Oct 2026 12:36:42 GMT"}
{"type":"log","callId":"call@125","time":3910.045,"message":"  access-control-allow-origin: *"}
{"type":"log","callId":"call@125","time":3910.046,"message":"  x-kong-upstream-latency: 108"}
{"type":"log","callId":"call@125","time":3910.048,"message":"  x-kong-proxy-latency: 0"}
{"type":"log","callId":"call@125","time":3910.049,"message":"  via: kong/2.8.1"}
{"type":"after","callId":"call@125","endTime":3910.569,"result":{"response":{"url":"http://127.0.0.1:54321/functions/v1/bookings/create","status":201,"statusText":"Created","headers":[{"name":"Content-Type","value":"application/json"},{"name":"Content-Length","value":"555"},{"name":"Connection","value":"keep-alive"},{"name":"x-request-id","value":"66d9000a-b83e-4da7-be53-dc08567931d1"},{"name":"vary","value":"Accept-Encoding"},{"name":"content-encoding","value":"gzip"},{"name":"date","value":"Thu, 08 Oct 2026 12:36:42 GMT"},{"name":"Access-Control-Allow-Origin","value":"*"},{"name":"X-Kong-Upstream-Latency","value":"108"},{"name":"X-Kong-Proxy-Latency","value":"0"},{"name":"Via","value":"kong/2.8.1"}],"serverAddr":{"ipAddress":"127.0.0.1","port":54321},"timing":{"startTime":1791463002191,"domainLookupStart":-1,"domainLookupEnd":-1,"connectStart":-1,"secureConnectionStart":-1,"connectEnd":-1,"requestStart":0.2640000000001237,"responseStart":108.625},"responseEndTiming":110.9060000000004,"fetchUid":"fcffd30f09fda65765c678203f8925b4"}}}
{"type":"before","callId":"call@129","startTime":3912.592,"class":"APIRequestContext","method":"fetch","params":{"url":"http://127.0.0.1:54321/auth/v1/token?grant_type=password","method":"POST","headers":[{"name":"apikey","value":"eyJhbGciOiJIUzI1NiIsInR5cCI6IkpXVCJ9.eyJpc3MiOiJzdXBhYmFzZS1kZW1vIiwicm9sZSI6ImFub24iLCJleHAiOjE5ODM4MTI5OTZ9.CRXP1A7WOeoJeXxjNni43kdQwgnWNReilDMblYTn_I0"}],"jsonData":"{\"email\":\"owner-audit-owner-muzite90jo42@checkout.test\",\"password\":\"password123\"}"},"stepId":"pw:api@99"}
{"type":"log","callId":"call@129","time":3912.871,"message":"→ POST http://127.0.0.1:54321/auth/v1/token?grant_type=password"}
{"type":"log","callId":"call@129","time":3912.876,"message":"  user-agent: Mozilla/5.0 (Windows NT 10.0; Win64; x64) AppleWebKit/537.36 (KHTML, like Gecko) Chrome/153.0.8010.12 Safari/537.36"}
{"type":"log","callId":"call@129","time":3912.877,"message":"  accept: */*"}
{"type":"log","callId":"call@129","time":3912.878,"message":"  accept-encoding: gzip,deflate,br"}
{"type":"log","callId":"call@129","time":3912.879,"message":"  apikey: eyJhbGciOiJIUzI1NiIsInR5cCI6IkpXVCJ9.eyJpc3MiOiJzdXBhYmFzZS1kZW1vIiwicm9sZSI6ImFub24iLCJleHAiOjE5ODM4MTI5OTZ9.CRXP1A7WOeoJeXxjNni43kdQwgnWNReilDMblYTn_I0"}
{"type":"log","callId":"call@129","time":3912.88,"message":"  content-type: application/json"}
{"type":"log","callId":"call@129","time":3912.903,"message":"  content-length: 81"}
{"type":"log","callId":"call@129","time":4019.359,"message":"← 200 OK"}
{"type":"log","callId":"call@129","time":4019.364,"message":"  content-type: application/json"}
{"type":"log","callId":"call@129","time":4019.367,"message":"  content-length: 1992"}
{"type":"log","callId":"call@129","time":4019.368,"message":"  connection: keep-alive"}
{"type":"log","callId":"call@129","time":4019.371,"message":"  sb-auth-refresh-token-prefix: qoc4g"}
{"type":"log","callId":"call@129","time":4019.373,"message":"  sb-auth-session-id: dc1cdde1-51f6-4ed8-92e7-a4a4413ef31b"}
{"type":"log","callId":"call@129","time":4019.373,"message":"  sb-auth-user-id: 6f759b7b-7c4b-4875-9113-41573125c721"}
{"type":"log","callId":"call@129","time":4019.374,"message":"  vary: Origin"}
{"type":"log","callId":"call@129","time":4019.375,"message":"  date: Thu, 08 Oct 2026 12:36:42 GMT"}
{"type":"log","callId":"call@129","time":4019.376,"message":"  access-control-allow-origin: *"}
{"type":"log","callId":"call@129","time":4019.377,"message":"  x-kong-upstream-latency: 106"}
{"type":"log","callId":"call@129","time":4019.378,"message":"  x-kong-proxy-latency: 0"}
{"type":"log","callId":"call@129","time":4019.38,"message":"  via: kong/2.8.1"}
{"type":"after","callId":"call@129","endTime":4019.437,"result":{"response":{"url":"http://127.0.0.1:54321/auth/v1/token?grant_type=password","status":200,"statusText":"OK","headers":[{"name":"Content-Type","value":"application/json"},{"name":"Content-Length","value":"1992"},{"name":"Connection","value":"keep-alive"},{"name":"Sb-Auth-Refresh-Token-Prefix","value":"qoc4g"},{"name":"Sb-Auth-Session-Id","value":"dc1cdde1-51f6-4ed8-92e7-a4a4413ef31b"},{"name":"Sb-Auth-User-Id","value":"6f759b7b-7c4b-4875-9113-41573125c721"},{"name":"Vary","value":"Origin"},{"name":"Date","value":"Thu, 08 Oct 2026 12:36:42 GMT"},{"name":"Access-Control-Allow-Origin","value":"*"},{"name":"X-Kong-Upstream-Latency","value":"106"},{"name":"X-Kong-Proxy-Latency","value":"0"},{"name":"Via","value":"kong/2.8.1"}],"serverAddr":{"ipAddress":"127.0.0.1","port":54321},"timing":{"startTime":1791463002304,"domainLookupStart":-1,"domainLookupEnd":-1,"connectStart":-1,"secureConnectionStart":-1,"connectEnd":-1,"requestStart":0.16800000000012005,"responseStart":106.21100000000024},"responseEndTiming":106.33899999999994,"fetchUid":"c8432a225181541274c3659a18a2e958"}}}
{"type":"before","callId":"call@133","startTime":4021.926,"class":"APIRequestContext","method":"fetch","params":{"url":"http://127.0.0.1:54321/rest/v1/clients?id=eq.276bfc69-190f-43b2-9ea9-dd9679d1a9db","method":"PATCH","headers":[{"name":"apikey","value":"eyJhbGciOiJIUzI1NiIsInR5cCI6IkpXVCJ9.eyJpc3MiOiJzdXBhYmFzZS1kZW1vIiwicm9sZSI6ImFub24iLCJleHAiOjE5ODM4MTI5OTZ9.CRXP1A7WOeoJeXxjNni43kdQwgnWNReilDMblYTn_I0"},{"name":"authorization","value":"Bearer eyJhbGciOiJFUzI1NiIsImtpZCI6ImI4MTI2OWYxLTIxZDgtNGYyZS1iNzE5LWMyMjQwYTg0MGQ5MCIsInR5cCI6IkpXVCJ9.eyJpc3MiOiJodHRwOi8vMTI3LjAuMC4xOjU0MzIxL2F1dGgvdjEiLCJzdWIiOiI2Zjc1OWI3Yi03YzRiLTQ4NzUtOTExMy00MTU3MzEyNWM3MjEiLCJhdWQiOiJhdXRoZW50aWNhdGVkIiwiZXhwIjoxNzkxNDY2NjAyLCJpYXQiOjE3OTE0NjMwMDIsImVtYWlsIjoib3duZXItYXVkaXQtb3duZXItbXV6aXRlOTBqbzQyQGNoZWNrb3V0LnRlc3QiLCJwaG9uZSI6IiIsImFwcF9tZXRhZGF0YSI6eyJwcm92aWRlciI6ImVtYWlsIiwicHJvdmlkZXJzIjpbImVtYWlsIl19LCJ1c2VyX21ldGFkYXRhIjp7ImVtYWlsX3ZlcmlmaWVkIjp0cnVlfSwicm9sZSI6ImF1dGhlbnRpY2F0ZWQiLCJhYWwiOiJhYWwxIiwiYW1yIjpbeyJtZXRob2QiOiJwYXNzd29yZCIsInRpbWVzdGFtcCI6MTc5MTQ2MzAwMn1dLCJzZXNzaW9uX2lkIjoiZGMxY2RkZTEtNTFmNi00ZWQ4LTkyZTctYTRhNDQxM2VmMzFiIiwiaXNfYW5vbnltb3VzIjpmYWxzZX0.wruyLVieXwUS-uuWAgFRPlWRggiIOj0ZInBMaTWnIfX6lRUQQAMU9ZPdfrBL-k51oA1c4j6SVUwnTnvFS744BQ"},{"name":"prefer","value":"return=minimal"}],"jsonData":"{\"first_name\":\"Nour\"}"},"stepId":"pw:api@101"}
{"type":"log","callId":"call@133","time":4022.405,"message":"→ PATCH http://127.0.0.1:54321/rest/v1/clients?id=eq.276bfc69-190f-43b2-9ea9-dd9679d1a9db"}
{"type":"log","callId":"call@133","time":4022.414,"message":"  user-agent: Mozilla/5.0 (Windows NT 10.0; Win64; x64) AppleWebKit/537.36 (KHTML, like Gecko) Chrome/153.0.8010.12 Safari/537.36"}
{"type":"log","callId":"call@133","time":4022.416,"message":"  accept: */*"}
{"type":"log","callId":"call@133","time":4022.417,"message":"  accept-encoding: gzip,deflate,br"}
{"type":"log","callId":"call@133","time":4022.42,"message":"  apikey: eyJhbGciOiJIUzI1NiIsInR5cCI6IkpXVCJ9.eyJpc3MiOiJzdXBhYmFzZS1kZW1vIiwicm9sZSI6ImFub24iLCJleHAiOjE5ODM4MTI5OTZ9.CRXP1A7WOeoJeXxjNni43kdQwgnWNReilDMblYTn_I0"}
{"type":"log","callId":"call@133","time":4022.421,"message":"  authorization: Bearer eyJhbGciOiJFUzI1NiIsImtpZCI6ImI4MTI2OWYxLTIxZDgtNGYyZS1iNzE5LWMyMjQwYTg0MGQ5MCIsInR5cCI6IkpXVCJ9.eyJpc3MiOiJodHRwOi8vMTI3LjAuMC4xOjU0MzIxL2F1dGgvdjEiLCJzdWIiOiI2Zjc1OWI3Yi03YzRiLTQ4NzUtOTExMy00MTU3MzEyNWM3MjEiLCJhdWQiOiJhdXRoZW50aWNhdGVkIiwiZXhwIjoxNzkxNDY2NjAyLCJpYXQiOjE3OTE0NjMwMDIsImVtYWlsIjoib3duZXItYXVkaXQtb3duZXItbXV6aXRlOTBqbzQyQGNoZWNrb3V0LnRlc3QiLCJwaG9uZSI6IiIsImFwcF9tZXRhZGF0YSI6eyJwcm92aWRlciI6ImVtYWlsIiwicHJvdmlkZXJzIjpbImVtYWlsIl19LCJ1c2VyX21ldGFkYXRhIjp7ImVtYWlsX3ZlcmlmaWVkIjp0cnVlfSwicm9sZSI6ImF1dGhlbnRpY2F0ZWQiLCJhYWwiOiJhYWwxIiwiYW1yIjpbeyJtZXRob2QiOiJwYXNzd29yZCIsInRpbWVzdGFtcCI6MTc5MTQ2MzAwMn1dLCJzZXNzaW9uX2lkIjoiZGMxY2RkZTEtNTFmNi00ZWQ4LTkyZTctYTRhNDQxM2VmMzFiIiwiaXNfYW5vbnltb3VzIjpmYWxzZX0.wruyLVieXwUS-uuWAgFRPlWRggiIOj0ZInBMaTWnIfX6lRUQQAMU9ZPdfrBL-k51oA1c4j6SVUwnTnvFS744BQ"}
{"type":"log","callId":"call@133","time":4022.423,"message":"  prefer: return=minimal"}
{"type":"log","callId":"call@133","time":4022.423,"message":"  content-type: application/json"}
{"type":"log","callId":"call@133","time":4022.424,"message":"  content-length: 21"}
{"type":"log","callId":"call@133","time":4031.038,"message":"← 204 No Content"}
{"type":"log","callId":"call@133","time":4031.045,"message":"  connection: keep-alive"}
{"type":"log","callId":"call@133","time":4031.046,"message":"  date: Thu, 08 Oct 2026 12:36:41 GMT"}
{"type":"log","callId":"call@133","time":4031.047,"message":"  server: postgrest/14.18"}
{"type":"log","callId":"call@133","time":4031.048,"message":"  content-range: 0-0/*"}
{"type":"log","callId":"call@133","time":4031.049,"message":"  preference-applied: return=minimal"}
{"type":"log","callId":"call@133","time":4031.05,"message":"  access-control-allow-origin: *"}
{"type":"log","callId":"call@133","time":4031.052,"message":"  x-kong-upstream-latency: 7"}
{"type":"log","callId":"call@133","time":4031.055,"message":"  x-kong-proxy-latency: 0"}
{"type":"log","callId":"call@133","time":4031.056,"message":"  via: kong/2.8.1"}
{"type":"after","callId":"call@133","endTime":4031.157,"result":{"response":{"url":"http://127.0.0.1:54321/rest/v1/clients?id=eq.276bfc69-190f-43b2-9ea9-dd9679d1a9db","status":204,"statusText":"No Content","headers":[{"name":"Connection","value":"keep-alive"},{"name":"Date","value":"Thu, 08 Oct 2026 12:36:41 GMT"},{"name":"Server","value":"postgrest/14.18"},{"name":"Content-Range","value":"0-0/*"},{"name":"Preference-Applied","value":"return=minimal"},{"name":"Access-Control-Allow-Origin","value":"*"},{"name":"X-Kong-Upstream-Latency","value":"7"},{"name":"X-Kong-Proxy-Latency","value":"0"},{"name":"Via","value":"kong/2.8.1"}],"serverAddr":{"ipAddress":"127.0.0.1","port":54321},"timing":{"startTime":1791463002413,"domainLookupStart":-1,"domainLookupEnd":-1,"connectStart":-1,"secureConnectionStart":-1,"connectEnd":-1,"requestStart":0.38000000000010914,"responseStart":8.541999999999916},"responseEndTiming":8.66000000000031,"fetchUid":"ccb0927534e549824241cc713e17fbda"}}}
{"type":"before","callId":"call@136","startTime":4034.227,"class":"APIRequestContext","method":"fetch","params":{"url":"http://127.0.0.1:54321/rest/v1/appointment_items?appointment_id=eq.6de7d026-2690-4370-b1a1-f7a324d54bfc&select=id","method":"GET","headers":[{"name":"apikey","value":"eyJhbGciOiJIUzI1NiIsInR5cCI6IkpXVCJ9.eyJpc3MiOiJzdXBhYmFzZS1kZW1vIiwicm9sZSI6InNlcnZpY2Vfcm9sZSIsImV4cCI6MTk4MzgxMjk5Nn0.EGIM96RAZx35lJzdJsyH-qQwv8Hdp7fsn3W0YpN81IU"},{"name":"authorization","value":"Bearer eyJhbGciOiJIUzI1NiIsInR5cCI6IkpXVCJ9.eyJpc3MiOiJzdXBhYmFzZS1kZW1vIiwicm9sZSI6InNlcnZpY2Vfcm9sZSIsImV4cCI6MTk4MzgxMjk5Nn0.EGIM96RAZx35lJzdJsyH-qQwv8Hdp7fsn3W0YpN81IU"},{"name":"prefer","value":"return=representation"}]},"stepId":"pw:api@103"}
{"type":"log","callId":"call@136","time":4034.742,"message":"→ GET http://127.0.0.1:54321/rest/v1/appointment_items?appointment_id=eq.6de7d026-2690-4370-b1a1-f7a324d54bfc&select=id"}
{"type":"log","callId":"call@136","time":4034.75,"message":"  user-agent: Mozilla/5.0 (Windows NT 10.0; Win64; x64) AppleWebKit/537.36 (KHTML, like Gecko) Chrome/153.0.8010.12 Safari/537.36"}
{"type":"log","callId":"call@136","time":4034.752,"message":"  accept: */*"}
{"type":"log","callId":"call@136","time":4034.753,"message":"  accept-encoding: gzip,deflate,br"}
{"type":"log","callId":"call@136","time":4034.755,"message":"  apikey: eyJhbGciOiJIUzI1NiIsInR5cCI6IkpXVCJ9.eyJpc3MiOiJzdXBhYmFzZS1kZW1vIiwicm9sZSI6InNlcnZpY2Vfcm9sZSIsImV4cCI6MTk4MzgxMjk5Nn0.EGIM96RAZx35lJzdJsyH-qQwv8Hdp7fsn3W0YpN81IU"}
{"type":"log","callId":"call@136","time":4034.757,"message":"  authorization: Bearer eyJhbGciOiJIUzI1NiIsInR5cCI6IkpXVCJ9.eyJpc3MiOiJzdXBhYmFzZS1kZW1vIiwicm9sZSI6InNlcnZpY2Vfcm9sZSIsImV4cCI6MTk4MzgxMjk5Nn0.EGIM96RAZx35lJzdJsyH-qQwv8Hdp7fsn3W0YpN81IU"}
{"type":"log","callId":"call@136","time":4034.758,"message":"  prefer: return=representation"}
{"type":"log","callId":"call@136","time":4038.893,"message":"← 200 OK"}
{"type":"log","callId":"call@136","time":4038.904,"message":"  content-type: application/json; charset=utf-8"}
{"type":"log","callId":"call@136","time":4038.908,"message":"  content-length: 47"}
{"type":"log","callId":"call@136","time":4038.909,"message":"  connection: keep-alive"}
{"type":"log","callId":"call@136","time":4038.91,"message":"  date: Thu, 08 Oct 2026 12:36:41 GMT"}
{"type":"log","callId":"call@136","time":4038.911,"message":"  server: postgrest/14.18"}
{"type":"log","callId":"call@136","time":4038.912,"message":"  content-range: 0-0/*"}
{"type":"log","callId":"call@136","time":4038.912,"message":"  content-location: /appointment_items?appointment_id=eq.6de7d026-2690-4370-b1a1-f7a324d54bfc&select=id"}
{"type":"log","callId":"call@136","time":4038.913,"message":"  content-profile: public"}
{"type":"log","callId":"call@136","time":4038.916,"message":"  access-control-allow-origin: *"}
{"type":"log","callId":"call@136","time":4038.917,"message":"  x-kong-upstream-latency: 1"}
{"type":"log","callId":"call@136","time":4038.918,"message":"  x-kong-proxy-latency: 1"}
{"type":"log","callId":"call@136","time":4038.919,"message":"  via: kong/2.8.1"}
{"type":"after","callId":"call@136","endTime":4039.403,"result":{"response":{"url":"http://127.0.0.1:54321/rest/v1/appointment_items?appointment_id=eq.6de7d026-2690-4370-b1a1-f7a324d54bfc&select=id","status":200,"statusText":"OK","headers":[{"name":"Content-Type","value":"application/json; charset=utf-8"},{"name":"Content-Length","value":"47"},{"name":"Connection","value":"keep-alive"},{"name":"Date","value":"Thu, 08 Oct 2026 12:36:41 GMT"},{"name":"Server","value":"postgrest/14.18"},{"name":"Content-Range","value":"0-0/*"},{"name":"Content-Location","value":"/appointment_items?appointment_id=eq.6de7d026-2690-4370-b1a1-f7a324d54bfc&select=id"},{"name":"Content-Profile","value":"public"},{"name":"Access-Control-Allow-Origin","value":"*"},{"name":"X-Kong-Upstream-Latency","value":"1"},{"name":"X-Kong-Proxy-Latency","value":"1"},{"name":"Via","value":"kong/2.8.1"}],"serverAddr":{"ipAddress":"127.0.0.1","port":54321},"timing":{"startTime":1791463002426,"domainLookupStart":-1,"domainLookupEnd":-1,"connectStart":-1,"secureConnectionStart":-1,"connectEnd":-1,"requestStart":0.1570000000001528,"responseStart":3.61200000000008},"responseEndTiming":3.794000000000324,"fetchUid":"b0c1b8d55906d571b69dd224ca222161"}}}
{"type":"before","callId":"call@140","startTime":4042.789,"class":"APIRequestContext","method":"fetch","params":{"url":"http://127.0.0.1:54321/auth/v1/token?grant_type=password","method":"POST","headers":[{"name":"apikey","value":"eyJhbGciOiJIUzI1NiIsInR5cCI6IkpXVCJ9.eyJpc3MiOiJzdXBhYmFzZS1kZW1vIiwicm9sZSI6ImFub24iLCJleHAiOjE5ODM4MTI5OTZ9.CRXP1A7WOeoJeXxjNni43kdQwgnWNReilDMblYTn_I0"}],"jsonData":"{\"email\":\"manager-audit-owner-muzite90jo42@checkout.test\",\"password\":\"password123\"}"},"stepId":"pw:api@105"}
{"type":"log","callId":"call@140","time":4043.168,"message":"→ POST http://127.0.0.1:54321/auth/v1/token?grant_type=password"}
{"type":"log","callId":"call@140","time":4043.177,"message":"  user-agent: Mozilla/5.0 (Windows NT 10.0; Win64; x64) AppleWebKit/537.36 (KHTML, like Gecko) Chrome/153.0.8010.12 Safari/537.36"}
{"type":"log","callId":"call@140","time":4043.179,"message":"  accept: */*"}
{"type":"log","callId":"call@140","time":4043.18,"message":"  accept-encoding: gzip,deflate,br"}
{"type":"log","callId":"call@140","time":4043.181,"message":"  apikey: eyJhbGciOiJIUzI1NiIsInR5cCI6IkpXVCJ9.eyJpc3MiOiJzdXBhYmFzZS1kZW1vIiwicm9sZSI6ImFub24iLCJleHAiOjE5ODM4MTI5OTZ9.CRXP1A7WOeoJeXxjNni43kdQwgnWNReilDMblYTn_I0"}
{"type":"log","callId":"call@140","time":4043.182,"message":"  content-type: application/json"}
{"type":"log","callId":"call@140","time":4043.182,"message":"  content-length: 83"}
{"type":"log","callId":"call@140","time":4145.588,"message":"← 200 OK"}
{"type":"log","callId":"call@140","time":4145.634,"message":"  content-type: application/json"}
{"type":"log","callId":"call@140","time":4145.64,"message":"  content-length: 1999"}
{"type":"log","callId":"call@140","time":4145.642,"message":"  connection: keep-alive"}
{"type":"log","callId":"call@140","time":4145.643,"message":"  sb-auth-refresh-token-prefix: oltvj"}
{"type":"log","callId":"call@140","time":4145.648,"message":"  sb-auth-session-id: b03c71ad-bcd9-49c5-900d-57d3c047d4a1"}
{"type":"log","callId":"call@140","time":4145.65,"message":"  sb-auth-user-id: a81b04c4-0092-41ee-894b-55345c51bb3e"}
{"type":"log","callId":"call@140","time":4145.651,"message":"  vary: Origin"}
{"type":"log","callId":"call@140","time":4145.652,"message":"  date: Thu, 08 Oct 2026 12:36:42 GMT"}
{"type":"log","callId":"call@140","time":4145.653,"message":"  access-control-allow-origin: *"}
{"type":"log","callId":"call@140","time":4145.654,"message":"  x-kong-upstream-latency: 100"}
{"type":"log","callId":"call@140","time":4145.655,"message":"  x-kong-proxy-latency: 0"}
{"type":"log","callId":"call@140","time":4145.656,"message":"  via: kong/2.8.1"}
{"type":"after","callId":"call@140","endTime":4145.738,"result":{"response":{"url":"http://127.0.0.1:54321/auth/v1/token?grant_type=password","status":200,"statusText":"OK","headers":[{"name":"Content-Type","value":"application/json"},{"name":"Content-Length","value":"1999"},{"name":"Connection","value":"keep-alive"},{"name":"Sb-Auth-Refresh-Token-Prefix","value":"oltvj"},{"name":"Sb-Auth-Session-Id","value":"b03c71ad-bcd9-49c5-900d-57d3c047d4a1"},{"name":"Sb-Auth-User-Id","value":"a81b04c4-0092-41ee-894b-55345c51bb3e"},{"name":"Vary","value":"Origin"},{"name":"Date","value":"Thu, 08 Oct 2026 12:36:42 GMT"},{"name":"Access-Control-Allow-Origin","value":"*"},{"name":"X-Kong-Upstream-Latency","value":"100"},{"name":"X-Kong-Proxy-Latency","value":"0"},{"name":"Via","value":"kong/2.8.1"}],"serverAddr":{"ipAddress":"127.0.0.1","port":54321},"timing":{"startTime":1791463002434,"domainLookupStart":-1,"domainLookupEnd":-1,"connectStart":-1,"secureConnectionStart":-1,"connectEnd":-1,"requestStart":0.16600000000016735,"responseStart":101.68800000000056},"responseEndTiming":102.00300000000016,"fetchUid":"5f0625fbb221487520e5cc4e820cc441"}}}
{"type":"before","callId":"call@144","startTime":4148.693,"class":"APIRequestContext","method":"fetch","params":{"url":"http://127.0.0.1:54321/functions/v1/bookings/reschedule","method":"POST","headers":[{"name":"apikey","value":"eyJhbGciOiJIUzI1NiIsInR5cCI6IkpXVCJ9.eyJpc3MiOiJzdXBhYmFzZS1kZW1vIiwicm9sZSI6ImFub24iLCJleHAiOjE5ODM4MTI5OTZ9.CRXP1A7WOeoJeXxjNni43kdQwgnWNReilDMblYTn_I0"},{"name":"authorization","value":"Bearer eyJhbGciOiJFUzI1NiIsImtpZCI6ImI4MTI2OWYxLTIxZDgtNGYyZS1iNzE5LWMyMjQwYTg0MGQ5MCIsInR5cCI6IkpXVCJ9.eyJpc3MiOiJodHRwOi8vMTI3LjAuMC4xOjU0MzIxL2F1dGgvdjEiLCJzdWIiOiJhODFiMDRjNC0wMDkyLTQxZWUtODk0Yi01NTM0NWM1MWJiM2UiLCJhdWQiOiJhdXRoZW50aWNhdGVkIiwiZXhwIjoxNzkxNDY2NjAyLCJpYXQiOjE3OTE0NjMwMDIsImVtYWlsIjoibWFuYWdlci1hdWRpdC1vd25lci1tdXppdGU5MGpvNDJAY2hlY2tvdXQudGVzdCIsInBob25lIjoiIiwiYXBwX21ldGFkYXRhIjp7InByb3ZpZGVyIjoiZW1haWwiLCJwcm92aWRlcnMiOlsiZW1haWwiXX0sInVzZXJfbWV0YWRhdGEiOnsiZW1haWxfdmVyaWZpZWQiOnRydWV9LCJyb2xlIjoiYXV0aGVudGljYXRlZCIsImFhbCI6ImFhbDEiLCJhbXIiOlt7Im1ldGhvZCI6InBhc3N3b3JkIiwidGltZXN0YW1wIjoxNzkxNDYzMDAyfV0sInNlc3Npb25faWQiOiJiMDNjNzFhZC1iY2Q5LTQ5YzUtOTAwZC01N2QzYzA0N2Q0YTEiLCJpc19hbm9ueW1vdXMiOmZhbHNlfQ.tvN_qsRIPwJA1LvavCv51PXRMq8lYEhRGwQfc6tx-30iWCQsiwBVBh2XfQiSbfU5U8IC52P125JCCaGmSfxoxg"},{"name":"idempotency-key","value":"e674ff1f-fa99-4bb3-b682-c83d5441cf1a"}],"jsonData":"{\"tenant_id\":\"2cd70fa8-9e06-4bfc-994f-b322f8996fb2\",\"appointment_id\":\"6de7d026-2690-4370-b1a1-f7a324d54bfc\",\"target_branch_id\":\"b3fda257-f316-4211-84c8-821bb30edfe7\",\"items\":[{\"item_id\":\"65658355-030c-4443-8b6b-5a49f3ecaa3b\",\"staff_id\":\"03d9c410-deee-4511-88ee-be7a39950493\",\"starts_at\":\"2026-10-08T16:30:00+03:00\"}]}"},"stepId":"pw:api@107"}
{"type":"log","callId":"call@144","time":4149.448,"message":"→ POST http://127.0.0.1:54321/functions/v1/bookings/reschedule"}
{"type":"log","callId":"call@144","time":4149.464,"message":"  user-agent: Mozilla/5.0 (Windows NT 10.0; Win64; x64) AppleWebKit/537.36 (KHTML, like Gecko) Chrome/153.0.8010.12 Safari/537.36"}
{"type":"log","callId":"call@144","time":4149.466,"message":"  accept: */*"}
{"type":"log","callId":"call@144","time":4149.467,"message":"  accept-encoding: gzip,deflate,br"}
{"type":"log","callId":"call@144","time":4149.468,"message":"  apikey: eyJhbGciOiJIUzI1NiIsInR5cCI6IkpXVCJ9.eyJpc3MiOiJzdXBhYmFzZS1kZW1vIiwicm9sZSI6ImFub24iLCJleHAiOjE5ODM4MTI5OTZ9.CRXP1A7WOeoJeXxjNni43kdQwgnWNReilDMblYTn_I0"}
{"type":"log","callId":"call@144","time":4149.469,"message":"  authorization: Bearer eyJhbGciOiJFUzI1NiIsImtpZCI6ImI4MTI2OWYxLTIxZDgtNGYyZS1iNzE5LWMyMjQwYTg0MGQ5MCIsInR5cCI6IkpXVCJ9.eyJpc3MiOiJodHRwOi8vMTI3LjAuMC4xOjU0MzIxL2F1dGgvdjEiLCJzdWIiOiJhODFiMDRjNC0wMDkyLTQxZWUtODk0Yi01NTM0NWM1MWJiM2UiLCJhdWQiOiJhdXRoZW50aWNhdGVkIiwiZXhwIjoxNzkxNDY2NjAyLCJpYXQiOjE3OTE0NjMwMDIsImVtYWlsIjoibWFuYWdlci1hdWRpdC1vd25lci1tdXppdGU5MGpvNDJAY2hlY2tvdXQudGVzdCIsInBob25lIjoiIiwiYXBwX21ldGFkYXRhIjp7InByb3ZpZGVyIjoiZW1haWwiLCJwcm92aWRlcnMiOlsiZW1haWwiXX0sInVzZXJfbWV0YWRhdGEiOnsiZW1haWxfdmVyaWZpZWQiOnRydWV9LCJyb2xlIjoiYXV0aGVudGljYXRlZCIsImFhbCI6ImFhbDEiLCJhbXIiOlt7Im1ldGhvZCI6InBhc3N3b3JkIiwidGltZXN0YW1wIjoxNzkxNDYzMDAyfV0sInNlc3Npb25faWQiOiJiMDNjNzFhZC1iY2Q5LTQ5YzUtOTAwZC01N2QzYzA0N2Q0YTEiLCJpc19hbm9ueW1vdXMiOmZhbHNlfQ.tvN_qsRIPwJA1LvavCv51PXRMq8lYEhRGwQfc6tx-30iWCQsiwBVBh2XfQiSbfU5U8IC52P125JCCaGmSfxoxg"}
{"type":"log","callId":"call@144","time":4149.471,"message":"  idempotency-key: e674ff1f-fa99-4bb3-b682-c83d5441cf1a"}
{"type":"log","callId":"call@144","time":4149.473,"message":"  content-type: application/json"}
{"type":"log","callId":"call@144","time":4149.474,"message":"  content-length: 317"}
{"type":"log","callId":"call@144","time":4275.064,"message":"← 200 OK"}
{"type":"log","callId":"call@144","time":4275.074,"message":"  content-type: application/json"}
{"type":"log","callId":"call@144","time":4275.077,"message":"  content-length: 403"}
{"type":"log","callId":"call@144","time":4275.078,"message":"  connection: keep-alive"}
{"type":"log","callId":"call@144","time":4275.079,"message":"  x-request-id: fcba422c-30c2-4eb8-980b-5b011d8e2f3d"}
{"type":"log","callId":"call@144","time":4275.08,"message":"  vary: Accept-Encoding"}
{"type":"log","callId":"call@144","time":4275.081,"message":"  content-encoding: gzip"}
{"type":"log","callId":"call@144","time":4275.082,"message":"  date: Thu, 08 Oct 2026 12:36:42 GMT"}
{"type":"log","callId":"call@144","time":4275.084,"message":"  access-control-allow-origin: *"}
{"type":"log","callId":"call@144","time":4275.085,"message":"  x-kong-upstream-latency: 124"}
{"type":"log","callId":"call@144","time":4275.086,"message":"  x-kong-proxy-latency: 0"}
{"type":"log","callId":"call@144","time":4275.087,"message":"  via: kong/2.8.1"}
{"type":"after","callId":"call@144","endTime":4275.725,"result":{"response":{"url":"http://127.0.0.1:54321/functions/v1/bookings/reschedule","status":200,"statusText":"OK","headers":[{"name":"Content-Type","value":"application/json"},{"name":"Content-Length","value":"403"},{"name":"Connection","value":"keep-alive"},{"name":"x-request-id","value":"fcba422c-30c2-4eb8-980b-5b011d8e2f3d"},{"name":"vary","value":"Accept-Encoding"},{"name":"content-encoding","value":"gzip"},{"name":"date","value":"Thu, 08 Oct 2026 12:36:42 GMT"},{"name":"Access-Control-Allow-Origin","value":"*"},{"name":"X-Kong-Upstream-Latency","value":"124"},{"name":"X-Kong-Proxy-Latency","value":"0"},{"name":"Via","value":"kong/2.8.1"}],"serverAddr":{"ipAddress":"127.0.0.1","port":54321},"timing":{"startTime":1791463002540,"domainLookupStart":-1,"domainLookupEnd":-1,"connectStart":-1,"secureConnectionStart":-1,"connectEnd":-1,"requestStart":0.556999999999789,"responseStart":125.60199999999986},"responseEndTiming":126.4989999999998,"fetchUid":"2e6ec8925bf86db443776858dbccf4db"}}}
